PR,URL,Title,Content type,Is rendered page,HTTP status code,Organic traffic,Is indexable page,No. of all inlinks,Is in sitemap,First found at
39,https://utahwatergardens.com/pond-gallery/residential,Residential Ponds - Custom Home Water Gardens & Koi Ponds | Utah Water Gardens | Utah Water Gardens,text/html; charset=utf-8,true,200,0,true,4427,false,https://utahwatergardens.com/about
39,https://utahwatergardens.com/pond-services/harvesting,"Pond Services in Harvesting, Utah | Utah Water Gardens | Utah Water Gardens",text/html; charset=utf-8,true,200,0,true,4427,false,https://utahwatergardens.com/about
39,https://utahwatergardens.com/plants-fish/aquatic-plants,,text/html; charset=utf-8,true,200,0,true,4427,false,https://utahwatergardens.com/about
39,https://utahwatergardens.com/pond-gallery/before-after,Before & After - Pond Transformations & Water Feature Renovations | Utah Water Gardens | Utah Water Gardens,text/html; charset=utf-8,true,200,0,true,4427,false,https://utahwatergardens.com/about
39,https://utahwatergardens.com/pond-services/repair,Pond Equipment Repair Services - Professional Equipment Repair | Utah Water Gardens | Utah Water Gardens,text/html; charset=utf-8,true,200,0,true,4427,false,https://utahwatergardens.com/about
39,https://utahwatergardens.com/pond-supplies/lighting,Pond Lighting Systems | Underwater & Landscape Lighting | Utah Water Gardens | Utah Water Gardens,text/html; charset=utf-8,true,200,0,true,4427,false,https://utahwatergardens.com/about
39,https://utahwatergardens.com/pond-services/maintenance,Pond Maintenance Services - Professional Pond Care | Utah Water Gardens | Utah Water Gardens,text/html; charset=utf-8,true,200,0,true,4427,false,https://utahwatergardens.com/about
39,https://utahwatergardens.com/pond-supplies/pumps-aeration,Pond Pumps & Aeration Systems - Professional Equipment | Utah Water Gardens | Utah Water Gardens,text/html; charset=utf-8,true,200,0,true,4427,false,https://utahwatergardens.com/about
39,https://utahwatergardens.com/pond-gallery/water-features,Water Features - Creative Water Gardens & Decorative Features | Utah Water Gardens | Utah Water Gardens,text/html; charset=utf-8,true,200,0,true,4427,false,https://utahwatergardens.com/about
39,https://utahwatergardens.com/pond-services/pond-dredging,Pond Dredging Service in Utah | Utah Water Gardens | Utah Water Gardens,text/html; charset=utf-8,true,200,0,true,4427,false,https://utahwatergardens.com/about
39,https://utahwatergardens.com/pond-services/design-build,Pond Design & Build Services - Custom Water Gardens | Utah Water Gardens | Utah Water Gardens,text/html; charset=utf-8,true,200,0,true,4427,false,https://utahwatergardens.com/about
39,https://utahwatergardens.com/pond-gallery/commercial,Commercial Water Features - Large-Scale Business Water Gardens | Utah Water Gardens | Utah Water Gardens,text/html; charset=utf-8,true,200,0,true,4427,false,https://utahwatergardens.com/about
39,https://utahwatergardens.com/pond-gallery/customer-projects,Customer Projects - Real Water Garden Success Stories | Utah Water Gardens | Utah Water Gardens,text/html; charset=utf-8,true,200,0,true,4427,false,https://utahwatergardens.com/about
39,https://utahwatergardens.com/pondsupplies,"Pond Services in Pondsupplies, Utah | Utah Water Gardens | Utah Water Gardens",text/html; charset=utf-8,true,200,0,true,4428,false,https://utahwatergardens.com/about
39,https://utahwatergardens.com/pond-supplies/water-treatments,Water Treatments & Chemicals - Professional Pond Water Care | Utah Water Gardens | Utah Water Gardens,text/html; charset=utf-8,true,200,0,true,4427,false,https://utahwatergardens.com/about
39,https://utahwatergardens.com/pond-services/cleaning,Pond Cleaning Services - Professional Pond Cleaning | Utah Water Gardens | Utah Water Gardens,text/html; charset=utf-8,true,200,0,true,4427,false,https://utahwatergardens.com/about
39,https://utahwatergardens.com/pond-services/seasonal,Seasonal Pond Services | Year-Round Pond Maintenance | Utah Water Gardens | Utah Water Gardens,text/html; charset=utf-8,true,200,0,true,4427,false,https://utahwatergardens.com/about
39,https://utahwatergardens.com/pond-services/lake-dredging,Lake Dredging Services | Professional Lake Maintenance | Utah Water Gardens | Utah Water Gardens,text/html; charset=utf-8,true,200,0,true,4427,false,https://utahwatergardens.com/about
39,https://utahwatergardens.com/out-of-area-service,Extended Service Area - Out of Area Pond Services | Utah Water Gardens | Utah Water Gardens,text/html; charset=utf-8,true,200,0,true,4427,false,https://utahwatergardens.com/about
39,https://utahwatergardens.com/pond-gallery/koi-ponds,Koi Ponds - Premium Koi Fish Ponds & Water Gardens | Utah Water Gardens | Utah Water Gardens,text/html; charset=utf-8,true,200,0,true,4427,false,https://utahwatergardens.com/about
39,https://utahwatergardens.com/pond-supplies/liners,Pond Liners & Underlayment - Premium Waterproof Liners | Utah Water Gardens | Utah Water Gardens,text/html; charset=utf-8,true,200,0,true,4427,false,https://utahwatergardens.com/about
39,https://utahwatergardens.com/plants-fish/koi-goldfish,,text/html; charset=utf-8,true,200,0,true,4427,false,https://utahwatergardens.com/about
39,https://utahwatergardens.com/pond-supplies/filtration,Pond Filtration Systems - Premium Water Filtration | Utah Water Gardens | Utah Water Gardens,text/html; charset=utf-8,true,200,0,true,4427,false,https://utahwatergardens.com/about
39,https://utahwatergardens.com/fish-koi,"Pond Services in Fish Koi, Utah | Utah Water Gardens | Utah Water Gardens",text/html; charset=utf-8,true,200,0,true,4428,false,https://utahwatergardens.com/about
21,https://utahwatergardens.com/pond-dredging-st-george,"Pond Services in Pond Dredging St George, Utah | Utah Water Gardens | Utah Water Gardens",text/html; charset=utf-8,true,200,0,true,187,false,https://utahwatergardens.com/
21,https://utahwatergardens.com/pond-harvesting-st-george,Lake Harvesting Service in St George | Utah Water Gardens | Utah Water Gardens,text/html; charset=utf-8,true,200,0,true,187,false,https://utahwatergardens.com/
21,https://utahwatergardens.com/plant/equisetum-horsetail,,text/html; charset=utf-8,true,200,0,true,190,false,https://utahwatergardens.com/
21,https://utahwatergardens.com/pond-maintenance-st-george,"Pond Services in Pond Maintenance St George, Utah | Utah Water Gardens | Utah Water Gardens",text/html; charset=utf-8,true,200,0,true,187,false,https://utahwatergardens.com/
20,https://utahwatergardens.com/pond-cleaning/farmington,"Pond Services in Farmington, Utah | Utah Water Gardens | Utah Water Gardens",text/html; charset=utf-8,true,200,0,true,1,false,https://utahwatergardens.com/pond-services/cleaning
20,https://utahwatergardens.com/pond-cleaning/south-ogden,"Pond Services in South Ogden, Utah | Utah Water Gardens | Utah Water Gardens",text/html; charset=utf-8,true,200,0,true,1,false,https://utahwatergardens.com/pond-services/cleaning
20,https://utahwatergardens.com/pond-services/pleasant-grove,"Pond Services in Pleasant Grove, Utah | Utah Water Gardens | Utah Water Gardens",text/html; charset=utf-8,true,200,0,true,1,false,https://utahwatergardens.com/pond-gallery
20,https://utahwatergardens.com/pond-cleaning/holladay,"Pond Services in Holladay, Utah | Utah Water Gardens | Utah Water Gardens",text/html; charset=utf-8,true,200,0,true,1,false,https://utahwatergardens.com/pond-services/cleaning
20,https://utahwatergardens.com/pond-supplies/alpine,"Pond Services in Alpine, Utah | Utah Water Gardens | Utah Water Gardens",text/html; charset=utf-8,true,200,0,true,3,false,https://utahwatergardens.com/pond-supplies
20,https://utahwatergardens.com/images/heritage-pond-1.jpg,"Pond Services in Heritage Pond 1.Jpg, Utah | Utah Water Gardens | Utah Water Gardens",text/html; charset=utf-8,true,200,0,true,22,false,https://utahwatergardens.com/service-areas/west-valley-city
20,https://utahwatergardens.com/pond-services/orem,"Pond Services in Orem, Utah | Utah Water Gardens | Utah Water Gardens",text/html; charset=utf-8,true,200,0,true,1,false,https://utahwatergardens.com/pond-gallery
20,https://utahwatergardens.com/water-treatments/south-ogden,"Pond Services in South Ogden, Utah | Utah Water Gardens | Utah Water Gardens",text/html; charset=utf-8,true,200,0,true,1,false,https://utahwatergardens.com/pond-supplies/water-treatments
20,https://utahwatergardens.com/pond-services/provo,"Pond Services in Provo, Utah | Utah Water Gardens | Utah Water Gardens",text/html; charset=utf-8,true,200,0,true,1,false,https://utahwatergardens.com/pond-gallery
20,https://utahwatergardens.com/pond-supplies/south-ogden,"Pond Services in South Ogden, Utah | Utah Water Gardens | Utah Water Gardens",text/html; charset=utf-8,true,200,0,true,3,false,https://utahwatergardens.com/pond-supplies
20,https://utahwatergardens.com/pond-supplies/riverdale,"Pond Services in Riverdale, Utah | Utah Water Gardens | Utah Water Gardens",text/html; charset=utf-8,true,200,0,true,3,false,https://utahwatergardens.com/pond-supplies
20,https://utahwatergardens.com/pond-supplies/roy,"Pond Services in Roy, Utah | Utah Water Gardens | Utah Water Gardens",text/html; charset=utf-8,true,200,0,true,3,false,https://utahwatergardens.com/pond-supplies
20,https://utahwatergardens.com/pond-services/north-ogden,"Pond Services in North Ogden, Utah | Utah Water Gardens | Utah Water Gardens",text/html; charset=utf-8,true,200,0,true,1,false,https://utahwatergardens.com/pond-gallery
20,https://utahwatergardens.com/pond-maintenance/murray,"Pond Services in Murray, Utah | Utah Water Gardens | Utah Water Gardens",text/html; charset=utf-8,true,200,0,true,1,false,https://utahwatergardens.com/pond-services/maintenance
20,https://utahwatergardens.com/water-treatments/provo,"Pond Services in Provo, Utah | Utah Water Gardens | Utah Water Gardens",text/html; charset=utf-8,true,200,0,true,1,false,https://utahwatergardens.com/pond-supplies/water-treatments
20,https://utahwatergardens.com/water-treatments/west-jordan,"Pond Services in West Jordan, Utah | Utah Water Gardens | Utah Water Gardens",text/html; charset=utf-8,true,200,0,true,1,false,https://utahwatergardens.com/pond-supplies/water-treatments
20,https://utahwatergardens.com/pond-services/spanish-fork,"Pond Services in Spanish Fork, Utah | Utah Water Gardens | Utah Water Gardens",text/html; charset=utf-8,true,200,0,true,1,false,https://utahwatergardens.com/pond-gallery
20,https://utahwatergardens.com/pond-maintenance/south-ogden,"Pond Services in South Ogden, Utah | Utah Water Gardens | Utah Water Gardens",text/html; charset=utf-8,true,200,0,true,1,false,https://utahwatergardens.com/pond-services/maintenance
20,https://utahwatergardens.com/pond-supplies/centerville,"Pond Services in Centerville, Utah | Utah Water Gardens | Utah Water Gardens",text/html; charset=utf-8,true,200,0,true,3,false,https://utahwatergardens.com/pond-supplies
20,https://utahwatergardens.com/pond-supplies/bountiful,"Pond Services in Bountiful, Utah | Utah Water Gardens | Utah Water Gardens",text/html; charset=utf-8,true,200,0,true,3,false,https://utahwatergardens.com/pond-supplies
20,https://utahwatergardens.com/pond-supplies/washington-terrace,"Pond Services in Washington Terrace, Utah | Utah Water Gardens | Utah Water Gardens",text/html; charset=utf-8,true,200,0,true,3,false,https://utahwatergardens.com/pond-supplies
20,https://utahwatergardens.com/pond-maintenance/alpine,"Pond Services in Alpine, Utah | Utah Water Gardens | Utah Water Gardens",text/html; charset=utf-8,true,200,0,true,1,false,https://utahwatergardens.com/pond-services/maintenance
20,https://utahwatergardens.com/pond-supplies/american-fork,"Pond Services in American Fork, Utah | Utah Water Gardens | Utah Water Gardens",text/html; charset=utf-8,true,200,0,true,3,false,https://utahwatergardens.com/pond-supplies
20,https://utahwatergardens.com/pond-maintenance/west-jordan,"Pond Services in West Jordan, Utah | Utah Water Gardens | Utah Water Gardens",text/html; charset=utf-8,true,200,0,true,1,false,https://utahwatergardens.com/pond-services/maintenance
20,https://utahwatergardens.com/pond-cleaning/spanish-fork,"Pond Services in Spanish Fork, Utah | Utah Water Gardens | Utah Water Gardens",text/html; charset=utf-8,true,200,0,true,1,false,https://utahwatergardens.com/pond-services/cleaning
20,https://utahwatergardens.com/pond-maintenance/pleasant-grove,"Pond Services in Pleasant Grove, Utah | Utah Water Gardens | Utah Water Gardens",text/html; charset=utf-8,true,200,0,true,1,false,https://utahwatergardens.com/pond-services/maintenance
20,https://utahwatergardens.com/images/natural-pond-1.jpg,"Pond Services in Natural Pond 1.Jpg, Utah | Utah Water Gardens | Utah Water Gardens",text/html; charset=utf-8,true,200,0,true,20,false,https://utahwatergardens.com/service-areas/woods-cross
20,https://utahwatergardens.com/pond-maintenance/american-fork,"Pond Services in American Fork, Utah | Utah Water Gardens | Utah Water Gardens",text/html; charset=utf-8,true,200,0,true,1,false,https://utahwatergardens.com/pond-services/maintenance
20,https://utahwatergardens.com/pond-maintenance/orem,"Pond Services in Orem, Utah | Utah Water Gardens | Utah Water Gardens",text/html; charset=utf-8,true,200,0,true,1,false,https://utahwatergardens.com/pond-services/maintenance
20,https://utahwatergardens.com/water-treatments/kaysville,"Pond Services in Kaysville, Utah | Utah Water Gardens | Utah Water Gardens",text/html; charset=utf-8,true,200,0,true,1,false,https://utahwatergardens.com/pond-supplies/water-treatments
20,https://utahwatergardens.com/pond-maintenance/sandy,"Pond Services in Sandy, Utah | Utah Water Gardens | Utah Water Gardens",text/html; charset=utf-8,true,200,0,true,1,false,https://utahwatergardens.com/pond-services/maintenance
20,https://utahwatergardens.com/pond-services/springville,"Pond Services in Springville, Utah | Utah Water Gardens | Utah Water Gardens",text/html; charset=utf-8,true,200,0,true,1,false,https://utahwatergardens.com/pond-gallery
20,https://utahwatergardens.com/pond-supplies/pleasant-grove,"Pond Services in Pleasant Grove, Utah | Utah Water Gardens | Utah Water Gardens",text/html; charset=utf-8,true,200,0,true,3,false,https://utahwatergardens.com/pond-supplies
20,https://utahwatergardens.com/blog/undefined,,text/html; charset=utf-8,true,200,0,true,38,false,https://utahwatergardens.com/blog/clay-soil-ponds-utah-guide
20,https://utahwatergardens.com/pond-maintenance/farmington,"Pond Services in Farmington, Utah | Utah Water Gardens | Utah Water Gardens",text/html; charset=utf-8,true,200,0,true,1,false,https://utahwatergardens.com/pond-services/maintenance
20,https://utahwatergardens.com/water-treatments/farmington,"Pond Services in Farmington, Utah | Utah Water Gardens | Utah Water Gardens",text/html; charset=utf-8,true,200,0,true,1,false,https://utahwatergardens.com/pond-supplies/water-treatments
20,https://utahwatergardens.com/pond-services/bountiful,"Pond Services in Bountiful, Utah | Utah Water Gardens | Utah Water Gardens",text/html; charset=utf-8,true,200,0,true,1,false,https://utahwatergardens.com/pond-gallery
20,https://utahwatergardens.com/pond-services/farr-west,"Pond Services in Farr West, Utah | Utah Water Gardens | Utah Water Gardens",text/html; charset=utf-8,true,200,0,true,1,false,https://utahwatergardens.com/pond-gallery
20,https://utahwatergardens.com/blog/aquatic-plant-harvesting-management-guide,,text/html; charset=utf-8,true,200,0,true,1,false,https://utahwatergardens.com/blog
20,https://utahwatergardens.com/pond-supplies/sandy,"Pond Services in Sandy, Utah | Utah Water Gardens | Utah Water Gardens",text/html; charset=utf-8,true,200,0,true,3,false,https://utahwatergardens.com/pond-supplies
20,https://utahwatergardens.com/pond-cleaning/provo,"Pond Services in Provo, Utah | Utah Water Gardens | Utah Water Gardens",text/html; charset=utf-8,true,200,0,true,1,false,https://utahwatergardens.com/pond-services/cleaning
20,https://utahwatergardens.com/images/technical-pond-2.jpg,"Pond Services in Technical Pond 2.Jpg, Utah | Utah Water Gardens | Utah Water Gardens",text/html; charset=utf-8,true,200,0,true,63,false,https://utahwatergardens.com/service-areas/bountiful
20,https://utahwatergardens.com/pond-services/holladay,"Pond Services in Holladay, Utah | Utah Water Gardens | Utah Water Gardens",text/html; charset=utf-8,true,200,0,true,1,false,https://utahwatergardens.com/pond-gallery
20,https://utahwatergardens.com/pond-supplies/west-jordan,"Pond Services in West Jordan, Utah | Utah Water Gardens | Utah Water Gardens",text/html; charset=utf-8,true,200,0,true,3,false,https://utahwatergardens.com/pond-supplies
20,https://utahwatergardens.com/pond-cleaning/sandy,"Pond Services in Sandy, Utah | Utah Water Gardens | Utah Water Gardens",text/html; charset=utf-8,true,200,0,true,1,false,https://utahwatergardens.com/pond-services/cleaning
20,https://utahwatergardens.com/pond-cleaning/clinton,"Pond Services in Clinton, Utah | Utah Water Gardens | Utah Water Gardens",text/html; charset=utf-8,true,200,0,true,1,false,https://utahwatergardens.com/pond-services/cleaning
20,https://utahwatergardens.com/water-treatments/north-ogden,"Pond Services in North Ogden, Utah | Utah Water Gardens | Utah Water Gardens",text/html; charset=utf-8,true,200,0,true,1,false,https://utahwatergardens.com/pond-supplies/water-treatments
20,https://utahwatergardens.com/pond-cleaning/north-ogden,"Pond Services in North Ogden, Utah | Utah Water Gardens | Utah Water Gardens",text/html; charset=utf-8,true,200,0,true,1,false,https://utahwatergardens.com/pond-services/cleaning
20,https://utahwatergardens.com/pond-cleaning/kaysville,"Pond Services in Kaysville, Utah | Utah Water Gardens | Utah Water Gardens",text/html; charset=utf-8,true,200,0,true,1,false,https://utahwatergardens.com/pond-services/cleaning
20,https://utahwatergardens.com/plants-fish/all,"Pond Services in All, Utah | Utah Water Gardens | Utah Water Gardens",text/html; charset=utf-8,true,200,0,true,2,false,https://utahwatergardens.com/plants-fish
20,https://utahwatergardens.com/pond-services/truxor,"Pond Services in Truxor, Utah | Utah Water Gardens | Utah Water Gardens",text/html; charset=utf-8,true,200,0,true,1,false,https://utahwatergardens.com/pond-services/truxor-t50
20,https://utahwatergardens.com/water-treatments/american-fork,"Pond Services in American Fork, Utah | Utah Water Gardens | Utah Water Gardens",text/html; charset=utf-8,true,200,0,true,1,false,https://utahwatergardens.com/pond-supplies/water-treatments
20,https://utahwatergardens.com/pond-cleaning/ogden,"Pond Services in Ogden, Utah | Utah Water Gardens | Utah Water Gardens",text/html; charset=utf-8,true,200,0,true,1,false,https://utahwatergardens.com/pond-services/cleaning
20,https://utahwatergardens.com/pond-cleaning/west-jordan,"Pond Services in West Jordan, Utah | Utah Water Gardens | Utah Water Gardens",text/html; charset=utf-8,true,200,0,true,1,false,https://utahwatergardens.com/pond-services/cleaning
20,https://utahwatergardens.com/blog/pond-filtration-systems-complete-guide,,text/html; charset=utf-8,true,200,0,true,1,false,https://utahwatergardens.com/blog
20,https://utahwatergardens.com/images/community-pond-3.jpg,"Pond Services in Community Pond 3.Jpg, Utah | Utah Water Gardens | Utah Water Gardens",text/html; charset=utf-8,true,200,0,true,16,false,https://utahwatergardens.com/service-areas/washington-terrace
20,https://utahwatergardens.com/pond-supplies/draper,"Pond Services in Draper, Utah | Utah Water Gardens | Utah Water Gardens",text/html; charset=utf-8,true,200,0,true,3,false,https://utahwatergardens.com/pond-supplies
20,https://utahwatergardens.com/water-treatments/syracuse,"Pond Services in Syracuse, Utah | Utah Water Gardens | Utah Water Gardens",text/html; charset=utf-8,true,200,0,true,1,false,https://utahwatergardens.com/pond-supplies/water-treatments
20,https://utahwatergardens.com/pond-cleaning/american-fork,"Pond Services in American Fork, Utah | Utah Water Gardens | Utah Water Gardens",text/html; charset=utf-8,true,200,0,true,1,false,https://utahwatergardens.com/pond-services/cleaning
20,https://utahwatergardens.com/pond-maintenance/farr-west,"Pond Services in Farr West, Utah | Utah Water Gardens | Utah Water Gardens",text/html; charset=utf-8,true,200,0,true,1,false,https://utahwatergardens.com/pond-services/maintenance
20,https://utahwatergardens.com/pond-supplies/springville,"Pond Services in Springville, Utah | Utah Water Gardens | Utah Water Gardens",text/html; charset=utf-8,true,200,0,true,3,false,https://utahwatergardens.com/pond-supplies
20,https://utahwatergardens.com/pond-services/lehi,"Pond Services in Lehi, Utah | Utah Water Gardens | Utah Water Gardens",text/html; charset=utf-8,true,200,0,true,1,false,https://utahwatergardens.com/pond-gallery
20,https://utahwatergardens.com/pond-cleaning/centerville,"Pond Services in Centerville, Utah | Utah Water Gardens | Utah Water Gardens",text/html; charset=utf-8,true,200,0,true,1,false,https://utahwatergardens.com/pond-services/cleaning
20,https://utahwatergardens.com/pond-services/sandy,"Pond Services in Sandy, Utah | Utah Water Gardens | Utah Water Gardens",text/html; charset=utf-8,true,200,0,true,1,false,https://utahwatergardens.com/pond-gallery
20,https://utahwatergardens.com/pond-services/layton,"Pond Services in Layton, Utah | Utah Water Gardens | Utah Water Gardens",text/html; charset=utf-8,true,200,0,true,1,false,https://utahwatergardens.com/pond-gallery
20,https://utahwatergardens.com/pond-maintenance/syracuse,"Pond Services in Syracuse, Utah | Utah Water Gardens | Utah Water Gardens",text/html; charset=utf-8,true,200,0,true,1,false,https://utahwatergardens.com/pond-services/maintenance
20,https://utahwatergardens.com/pond-maintenance/ogden,"Pond Services in Ogden, Utah | Utah Water Gardens | Utah Water Gardens",text/html; charset=utf-8,true,200,0,true,1,false,https://utahwatergardens.com/pond-services/maintenance
20,https://utahwatergardens.com/pond-services/riverdale,"Pond Services in Riverdale, Utah | Utah Water Gardens | Utah Water Gardens",text/html; charset=utf-8,true,200,0,true,1,false,https://utahwatergardens.com/pond-gallery
20,https://utahwatergardens.com/pond-supplies/layton,"Pond Services in Layton, Utah | Utah Water Gardens | Utah Water Gardens",text/html; charset=utf-8,true,200,0,true,3,false,https://utahwatergardens.com/pond-supplies
20,https://utahwatergardens.com/pond-services/washington-terrace,"Pond Services in Washington Terrace, Utah | Utah Water Gardens | Utah Water Gardens",text/html; charset=utf-8,true,200,0,true,1,false,https://utahwatergardens.com/pond-gallery
20,https://utahwatergardens.com/images/natural-pond-3.jpg,"Pond Services in Natural Pond 3.Jpg, Utah | Utah Water Gardens | Utah Water Gardens",text/html; charset=utf-8,true,200,0,true,12,false,https://utahwatergardens.com/service-areas/kearns
20,https://utahwatergardens.com/pond-services/roy,"Pond Services in Roy, Utah | Utah Water Gardens | Utah Water Gardens",text/html; charset=utf-8,true,200,0,true,1,false,https://utahwatergardens.com/pond-gallery
20,https://utahwatergardens.com/pond-supplies/tools-accessories,"Pond Services in Tools Accessories, Utah | Utah Water Gardens | Utah Water Gardens",text/html; charset=utf-8,true,200,0,true,1,false,https://utahwatergardens.com/pond-supplies/tools
20,https://utahwatergardens.com/pond-services/alpine,"Pond Services in Alpine, Utah | Utah Water Gardens | Utah Water Gardens",text/html; charset=utf-8,true,200,0,true,1,false,https://utahwatergardens.com/pond-gallery
20,https://utahwatergardens.com/water-treatments/clearfield,"Pond Services in Clearfield, Utah | Utah Water Gardens | Utah Water Gardens",text/html; charset=utf-8,true,200,0,true,1,false,https://utahwatergardens.com/pond-supplies/water-treatments
20,https://utahwatergardens.com/pond-maintenance/west-valley-city,"Pond Services in West Valley City, Utah | Utah Water Gardens | Utah Water Gardens",text/html; charset=utf-8,true,200,0,true,1,false,https://utahwatergardens.com/pond-services/maintenance
20,https://utahwatergardens.com/water-treatments/holladay,"Pond Services in Holladay, Utah | Utah Water Gardens | Utah Water Gardens",text/html; charset=utf-8,true,200,0,true,1,false,https://utahwatergardens.com/pond-supplies/water-treatments
20,https://utahwatergardens.com/pond-maintenance/layton,"Pond Services in Layton, Utah | Utah Water Gardens | Utah Water Gardens",text/html; charset=utf-8,true,200,0,true,1,false,https://utahwatergardens.com/pond-services/maintenance
20,https://utahwatergardens.com/water-treatments/layton,"Pond Services in Layton, Utah | Utah Water Gardens | Utah Water Gardens",text/html; charset=utf-8,true,200,0,true,1,false,https://utahwatergardens.com/pond-supplies/water-treatments
20,https://utahwatergardens.com/pond-cleaning/roy,"Pond Services in Roy, Utah | Utah Water Gardens | Utah Water Gardens",text/html; charset=utf-8,true,200,0,true,1,false,https://utahwatergardens.com/pond-services/cleaning
20,https://utahwatergardens.com/pond-supplies/clinton,"Pond Services in Clinton, Utah | Utah Water Gardens | Utah Water Gardens",text/html; charset=utf-8,true,200,0,true,3,false,https://utahwatergardens.com/pond-supplies
20,https://utahwatergardens.com/water-treatments/draper,"Pond Services in Draper, Utah | Utah Water Gardens | Utah Water Gardens",text/html; charset=utf-8,true,200,0,true,1,false,https://utahwatergardens.com/pond-supplies/water-treatments
20,https://utahwatergardens.com/water-treatments/bountiful,"Pond Services in Bountiful, Utah | Utah Water Gardens | Utah Water Gardens",text/html; charset=utf-8,true,200,0,true,1,false,https://utahwatergardens.com/pond-supplies/water-treatments
20,https://utahwatergardens.com/pond-cleaning/clearfield,"Pond Services in Clearfield, Utah | Utah Water Gardens | Utah Water Gardens",text/html; charset=utf-8,true,200,0,true,1,false,https://utahwatergardens.com/pond-services/cleaning
20,https://utahwatergardens.com/pond-cleaning/murray,"Pond Services in Murray, Utah | Utah Water Gardens | Utah Water Gardens",text/html; charset=utf-8,true,200,0,true,1,false,https://utahwatergardens.com/pond-services/cleaning
20,https://utahwatergardens.com/pond-services/west-jordan,"Pond Services in West Jordan, Utah | Utah Water Gardens | Utah Water Gardens",text/html; charset=utf-8,true,200,0,true,1,false,https://utahwatergardens.com/pond-gallery
20,https://utahwatergardens.com/images/natural-pond-2.jpg,"Pond Services in Natural Pond 2.Jpg, Utah | Utah Water Gardens | Utah Water Gardens",text/html; charset=utf-8,true,200,0,true,13,false,https://utahwatergardens.com/service-areas/south-ogden
20,https://utahwatergardens.com/pond-supplies/farr-west,"Pond Services in Farr West, Utah | Utah Water Gardens | Utah Water Gardens",text/html; charset=utf-8,true,200,0,true,3,false,https://utahwatergardens.com/pond-supplies
20,https://utahwatergardens.com/plant-detail,"Pond Services in Plant Detail, Utah | Utah Water Gardens | Utah Water Gardens",text/html; charset=utf-8,true,200,0,true,22,false,https://utahwatergardens.com/plant/chromatella-yellow-water-lily
20,https://utahwatergardens.com/water-treatments/riverdale,"Pond Services in Riverdale, Utah | Utah Water Gardens | Utah Water Gardens",text/html; charset=utf-8,true,200,0,true,1,false,https://utahwatergardens.com/pond-supplies/water-treatments
20,https://utahwatergardens.com/images/community-pond-1.jpg,"Pond Services in Community Pond 1.Jpg, Utah | Utah Water Gardens | Utah Water Gardens",text/html; charset=utf-8,true,200,0,true,3,false,https://utahwatergardens.com/service-areas/magna
20,https://utahwatergardens.com/pond-supplies/lehi,"Pond Services in Lehi, Utah | Utah Water Gardens | Utah Water Gardens",text/html; charset=utf-8,true,200,0,true,3,false,https://utahwatergardens.com/pond-supplies
20,https://utahwatergardens.com/pond-cleaning/orem,"Pond Services in Orem, Utah | Utah Water Gardens | Utah Water Gardens",text/html; charset=utf-8,true,200,0,true,1,false,https://utahwatergardens.com/pond-services/cleaning
20,https://utahwatergardens.com/pond-supplies/cottonwood-heights,"Pond Services in Cottonwood Heights, Utah | Utah Water Gardens | Utah Water Gardens",text/html; charset=utf-8,true,200,0,true,3,false,https://utahwatergardens.com/pond-supplies
20,https://utahwatergardens.com/pond-supplies/holladay,"Pond Services in Holladay, Utah | Utah Water Gardens | Utah Water Gardens",text/html; charset=utf-8,true,200,0,true,3,false,https://utahwatergardens.com/pond-supplies
20,https://utahwatergardens.com/pond-services/clearfield,"Pond Services in Clearfield, Utah | Utah Water Gardens | Utah Water Gardens",text/html; charset=utf-8,true,200,0,true,1,false,https://utahwatergardens.com/pond-gallery
20,https://utahwatergardens.com/pond-cleaning/springville,"Pond Services in Springville, Utah | Utah Water Gardens | Utah Water Gardens",text/html; charset=utf-8,true,200,0,true,1,false,https://utahwatergardens.com/pond-services/cleaning
20,https://utahwatergardens.com/water-treatments/washington-terrace,"Pond Services in Washington Terrace, Utah | Utah Water Gardens | Utah Water Gardens",text/html; charset=utf-8,true,200,0,true,1,false,https://utahwatergardens.com/pond-supplies/water-treatments
20,https://utahwatergardens.com/pond-services/water-quality-testing,"Pond Services in Water Quality Testing, Utah | Utah Water Gardens | Utah Water Gardens",text/html; charset=utf-8,true,200,0,true,1,false,https://utahwatergardens.com/pond-services/water-quality
20,https://utahwatergardens.com/images/professional-pond-3.jpg,"Pond Services in Professional Pond 3.Jpg, Utah | Utah Water Gardens | Utah Water Gardens",text/html; charset=utf-8,true,200,0,true,4,false,https://utahwatergardens.com/service-areas/taylorsville
20,https://utahwatergardens.com/pond-maintenance/clinton,"Pond Services in Clinton, Utah | Utah Water Gardens | Utah Water Gardens",text/html; charset=utf-8,true,200,0,true,1,false,https://utahwatergardens.com/pond-services/maintenance
20,https://utahwatergardens.com/pond-maintenance/provo,"Pond Services in Provo, Utah | Utah Water Gardens | Utah Water Gardens",text/html; charset=utf-8,true,200,0,true,1,false,https://utahwatergardens.com/pond-services/maintenance
20,https://utahwatergardens.com/pond-supplies/salt-lake-city,"Pond Services in Salt Lake City, Utah | Utah Water Gardens | Utah Water Gardens",text/html; charset=utf-8,true,200,0,true,3,false,https://utahwatergardens.com/pond-supplies
20,https://utahwatergardens.com/pond-maintenance/riverdale,"Pond Services in Riverdale, Utah | Utah Water Gardens | Utah Water Gardens",text/html; charset=utf-8,true,200,0,true,1,false,https://utahwatergardens.com/pond-services/maintenance
20,https://utahwatergardens.com/pond-cleaning/bountiful,"Pond Services in Bountiful, Utah | Utah Water Gardens | Utah Water Gardens",text/html; charset=utf-8,true,200,0,true,1,false,https://utahwatergardens.com/pond-services/cleaning
20,https://utahwatergardens.com/pond-services/farmington,"Pond Services in Farmington, Utah | Utah Water Gardens | Utah Water Gardens",text/html; charset=utf-8,true,200,0,true,1,false,https://utahwatergardens.com/pond-gallery
20,https://utahwatergardens.com/pond-maintenance/roy,"Pond Services in Roy, Utah | Utah Water Gardens | Utah Water Gardens",text/html; charset=utf-8,true,200,0,true,1,false,https://utahwatergardens.com/pond-services/maintenance
20,https://utahwatergardens.com/water-treatments/salt-lake-city,"Pond Services in Salt Lake City, Utah | Utah Water Gardens | Utah Water Gardens",text/html; charset=utf-8,true,200,0,true,1,false,https://utahwatergardens.com/pond-supplies/water-treatments
20,https://utahwatergardens.com/pond-supplies/orem,"Pond Services in Orem, Utah | Utah Water Gardens | Utah Water Gardens",text/html; charset=utf-8,true,200,0,true,3,false,https://utahwatergardens.com/pond-supplies
20,https://utahwatergardens.com/water-treatments/west-valley-city,"Pond Services in West Valley City, Utah | Utah Water Gardens | Utah Water Gardens",text/html; charset=utf-8,true,200,0,true,1,false,https://utahwatergardens.com/pond-supplies/water-treatments
20,https://utahwatergardens.com/pond-cleaning/draper,"Pond Services in Draper, Utah | Utah Water Gardens | Utah Water Gardens",text/html; charset=utf-8,true,200,0,true,1,false,https://utahwatergardens.com/pond-services/cleaning
20,https://utahwatergardens.com/water-treatments/pleasant-grove,"Pond Services in Pleasant Grove, Utah | Utah Water Gardens | Utah Water Gardens",text/html; charset=utf-8,true,200,0,true,1,false,https://utahwatergardens.com/pond-supplies/water-treatments
20,https://utahwatergardens.com/pond-maintenance/spanish-fork,"Pond Services in Spanish Fork, Utah | Utah Water Gardens | Utah Water Gardens",text/html; charset=utf-8,true,200,0,true,1,false,https://utahwatergardens.com/pond-services/maintenance
20,https://utahwatergardens.com/images/professional-pond-2.jpg,"Pond Services in Professional Pond 2.Jpg, Utah | Utah Water Gardens | Utah Water Gardens",text/html; charset=utf-8,true,200,0,true,12,false,https://utahwatergardens.com/service-areas/midvale
20,https://utahwatergardens.com/pond-maintenance/holladay,"Pond Services in Holladay, Utah | Utah Water Gardens | Utah Water Gardens",text/html; charset=utf-8,true,200,0,true,1,false,https://utahwatergardens.com/pond-services/maintenance
20,https://utahwatergardens.com/pond-cleaning/syracuse,"Pond Services in Syracuse, Utah | Utah Water Gardens | Utah Water Gardens",text/html; charset=utf-8,true,200,0,true,1,false,https://utahwatergardens.com/pond-services/cleaning
20,https://utahwatergardens.com/water-treatments/cottonwood-heights,"Pond Services in Cottonwood Heights, Utah | Utah Water Gardens | Utah Water Gardens",text/html; charset=utf-8,true,200,0,true,1,false,https://utahwatergardens.com/pond-supplies/water-treatments
20,https://utahwatergardens.com/pond-maintenance/cottonwood-heights,"Pond Services in Cottonwood Heights, Utah | Utah Water Gardens | Utah Water Gardens",text/html; charset=utf-8,true,200,0,true,1,false,https://utahwatergardens.com/pond-services/maintenance
20,https://utahwatergardens.com/water-treatments/orem,"Pond Services in Orem, Utah | Utah Water Gardens | Utah Water Gardens",text/html; charset=utf-8,true,200,0,true,1,false,https://utahwatergardens.com/pond-supplies/water-treatments
20,https://utahwatergardens.com/pond-maintenance/centerville,"Pond Services in Centerville, Utah | Utah Water Gardens | Utah Water Gardens",text/html; charset=utf-8,true,200,0,true,1,false,https://utahwatergardens.com/pond-services/maintenance
20,https://utahwatergardens.com/water-treatments/centerville,"Pond Services in Centerville, Utah | Utah Water Gardens | Utah Water Gardens",text/html; charset=utf-8,true,200,0,true,1,false,https://utahwatergardens.com/pond-supplies/water-treatments
20,https://utahwatergardens.com/pond-cleaning/lehi,"Pond Services in Lehi, Utah | Utah Water Gardens | Utah Water Gardens",text/html; charset=utf-8,true,200,0,true,1,false,https://utahwatergardens.com/pond-services/cleaning
20,https://utahwatergardens.com/pond-services/centerville,"Pond Services in Centerville, Utah | Utah Water Gardens | Utah Water Gardens",text/html; charset=utf-8,true,200,0,true,1,false,https://utahwatergardens.com/pond-gallery
20,https://utahwatergardens.com/pond-services/draper,"Pond Services in Draper, Utah | Utah Water Gardens | Utah Water Gardens",text/html; charset=utf-8,true,200,0,true,1,false,https://utahwatergardens.com/pond-gallery
20,https://utahwatergardens.com/pond-services/clinton,"Pond Services in Clinton, Utah | Utah Water Gardens | Utah Water Gardens",text/html; charset=utf-8,true,200,0,true,1,false,https://utahwatergardens.com/pond-gallery
20,https://utahwatergardens.com/pond-cleaning/pleasant-grove,"Pond Services in Pleasant Grove, Utah | Utah Water Gardens | Utah Water Gardens",text/html; charset=utf-8,true,200,0,true,1,false,https://utahwatergardens.com/pond-services/cleaning
20,https://utahwatergardens.com/pond-cleaning/alpine,"Pond Services in Alpine, Utah | Utah Water Gardens | Utah Water Gardens",text/html; charset=utf-8,true,200,0,true,1,false,https://utahwatergardens.com/pond-services/cleaning
20,https://utahwatergardens.com/pond-maintenance/salt-lake-city,"Pond Services in Salt Lake City, Utah | Utah Water Gardens | Utah Water Gardens",text/html; charset=utf-8,true,200,0,true,1,false,https://utahwatergardens.com/pond-services/maintenance
20,https://utahwatergardens.com/pond-maintenance/kaysville,"Pond Services in Kaysville, Utah | Utah Water Gardens | Utah Water Gardens",text/html; charset=utf-8,true,200,0,true,1,false,https://utahwatergardens.com/pond-services/maintenance
20,https://utahwatergardens.com/pond-services/cottonwood-heights,"Pond Services in Cottonwood Heights, Utah | Utah Water Gardens | Utah Water Gardens",text/html; charset=utf-8,true,200,0,true,1,false,https://utahwatergardens.com/pond-gallery
20,https://utahwatergardens.com/pond-cleaning/cottonwood-heights,"Pond Services in Cottonwood Heights, Utah | Utah Water Gardens | Utah Water Gardens",text/html; charset=utf-8,true,200,0,true,1,false,https://utahwatergardens.com/pond-services/cleaning
20,https://utahwatergardens.com/pond-cleaning/riverdale,"Pond Services in Riverdale, Utah | Utah Water Gardens | Utah Water Gardens",text/html; charset=utf-8,true,200,0,true,1,false,https://utahwatergardens.com/pond-services/cleaning
20,https://utahwatergardens.com/images/technical-pond-3.jpg,"Pond Services in Technical Pond 3.Jpg, Utah | Utah Water Gardens | Utah Water Gardens",text/html; charset=utf-8,true,200,0,true,16,false,https://utahwatergardens.com/service-areas/west-jordan
20,https://utahwatergardens.com/pond-supplies/north-ogden,"Pond Services in North Ogden, Utah | Utah Water Gardens | Utah Water Gardens",text/html; charset=utf-8,true,200,0,true,3,false,https://utahwatergardens.com/pond-supplies
20,https://utahwatergardens.com/pond-supplies/spanish-fork,"Pond Services in Spanish Fork, Utah | Utah Water Gardens | Utah Water Gardens",text/html; charset=utf-8,true,200,0,true,3,false,https://utahwatergardens.com/pond-supplies
20,https://utahwatergardens.com/blog/lake-dredging-large-water-bodies-guide,,text/html; charset=utf-8,true,200,0,true,1,false,https://utahwatergardens.com/blog
20,https://utahwatergardens.com/water-treatments/alpine,"Pond Services in Alpine, Utah | Utah Water Gardens | Utah Water Gardens",text/html; charset=utf-8,true,200,0,true,1,false,https://utahwatergardens.com/pond-supplies/water-treatments
20,https://utahwatergardens.com/water-treatments/lehi,"Pond Services in Lehi, Utah | Utah Water Gardens | Utah Water Gardens",text/html; charset=utf-8,true,200,0,true,1,false,https://utahwatergardens.com/pond-supplies/water-treatments
20,https://utahwatergardens.com/pond-supplies/murray,"Pond Services in Murray, Utah | Utah Water Gardens | Utah Water Gardens",text/html; charset=utf-8,true,200,0,true,3,false,https://utahwatergardens.com/pond-supplies
20,https://utahwatergardens.com/pond-services/dredging,"Pond Services in Dredging, Utah | Utah Water Gardens | Utah Water Gardens",text/html; charset=utf-8,true,200,0,true,7,false,https://utahwatergardens.com/pond-services
20,https://utahwatergardens.com/pond-supplies/clearfield,"Pond Services in Clearfield, Utah | Utah Water Gardens | Utah Water Gardens",text/html; charset=utf-8,true,200,0,true,3,false,https://utahwatergardens.com/pond-supplies
20,https://utahwatergardens.com/pond-services/west-valley-city,"Pond Services in West Valley City, Utah | Utah Water Gardens | Utah Water Gardens",text/html; charset=utf-8,true,200,0,true,1,false,https://utahwatergardens.com/pond-gallery
20,https://utahwatergardens.com/pond-services/american-fork,"Pond Services in American Fork, Utah | Utah Water Gardens | Utah Water Gardens",text/html; charset=utf-8,true,200,0,true,1,false,https://utahwatergardens.com/pond-gallery
20,https://utahwatergardens.com/pond-services/ogden,"Pond Services in Ogden, Utah | Utah Water Gardens | Utah Water Gardens",text/html; charset=utf-8,true,200,0,true,1,false,https://utahwatergardens.com/pond-gallery
20,https://utahwatergardens.com/pond-supplies/syracuse,"Pond Services in Syracuse, Utah | Utah Water Gardens | Utah Water Gardens",text/html; charset=utf-8,true,200,0,true,3,false,https://utahwatergardens.com/pond-supplies
20,https://utahwatergardens.com/pond-cleaning/washington-terrace,"Pond Services in Washington Terrace, Utah | Utah Water Gardens | Utah Water Gardens",text/html; charset=utf-8,true,200,0,true,1,false,https://utahwatergardens.com/pond-services/cleaning
20,https://utahwatergardens.com/pond-maintenance/springville,"Pond Services in Springville, Utah | Utah Water Gardens | Utah Water Gardens",text/html; charset=utf-8,true,200,0,true,1,false,https://utahwatergardens.com/pond-services/maintenance
20,https://utahwatergardens.com/pond-maintenance/bountiful,"Pond Services in Bountiful, Utah | Utah Water Gardens | Utah Water Gardens",text/html; charset=utf-8,true,200,0,true,1,false,https://utahwatergardens.com/pond-services/maintenance
20,https://utahwatergardens.com/pond-maintenance/lehi,"Pond Services in Lehi, Utah | Utah Water Gardens | Utah Water Gardens",text/html; charset=utf-8,true,200,0,true,1,false,https://utahwatergardens.com/pond-services/maintenance
20,https://utahwatergardens.com/water-treatments/ogden,"Pond Services in Ogden, Utah | Utah Water Gardens | Utah Water Gardens",text/html; charset=utf-8,true,200,0,true,1,false,https://utahwatergardens.com/pond-supplies/water-treatments
20,https://utahwatergardens.com/images/community-pond-2.jpg,"Pond Services in Community Pond 2.Jpg, Utah | Utah Water Gardens | Utah Water Gardens",text/html; charset=utf-8,true,200,0,true,13,false,https://utahwatergardens.com/service-areas/south-jordan
20,https://utahwatergardens.com/pond-cleaning/salt-lake-city,"Pond Services in Salt Lake City, Utah | Utah Water Gardens | Utah Water Gardens",text/html; charset=utf-8,true,200,0,true,1,false,https://utahwatergardens.com/pond-services/cleaning
20,https://utahwatergardens.com/pond-services/syracuse,"Pond Services in Syracuse, Utah | Utah Water Gardens | Utah Water Gardens",text/html; charset=utf-8,true,200,0,true,1,false,https://utahwatergardens.com/pond-gallery
20,https://utahwatergardens.com/images/technical-pond-1.jpg,"Pond Services in Technical Pond 1.Jpg, Utah | Utah Water Gardens | Utah Water Gardens",text/html; charset=utf-8,true,200,0,true,21,false,https://utahwatergardens.com/service-areas/sandy
20,https://utahwatergardens.com/pond-services/water-testing,"Pond Services in Water Testing, Utah | Utah Water Gardens | Utah Water Gardens",text/html; charset=utf-8,true,200,0,true,6,false,https://utahwatergardens.com/pond-services
20,https://utahwatergardens.com/blog/pond-dredging-when-why-how-guide,,text/html; charset=utf-8,true,200,0,true,1,false,https://utahwatergardens.com/blog
20,https://utahwatergardens.com/pond-supplies/kaysville,"Pond Services in Kaysville, Utah | Utah Water Gardens | Utah Water Gardens",text/html; charset=utf-8,true,200,0,true,3,false,https://utahwatergardens.com/pond-supplies
20,https://utahwatergardens.com/pond-cleaning/west-valley-city,"Pond Services in West Valley City, Utah | Utah Water Gardens | Utah Water Gardens",text/html; charset=utf-8,true,200,0,true,1,false,https://utahwatergardens.com/pond-services/cleaning
20,https://utahwatergardens.com/pond-services/kaysville,"Pond Services in Kaysville, Utah | Utah Water Gardens | Utah Water Gardens",text/html; charset=utf-8,true,200,0,true,1,false,https://utahwatergardens.com/pond-gallery
20,https://utahwatergardens.com/pond-services/murray,"Pond Services in Murray, Utah | Utah Water Gardens | Utah Water Gardens",text/html; charset=utf-8,true,200,0,true,1,false,https://utahwatergardens.com/pond-gallery
20,https://utahwatergardens.com/pond-maintenance/north-ogden,"Pond Services in North Ogden, Utah | Utah Water Gardens | Utah Water Gardens",text/html; charset=utf-8,true,200,0,true,1,false,https://utahwatergardens.com/pond-services/maintenance
20,https://utahwatergardens.com/pond-cleaning/farr-west,"Pond Services in Farr West, Utah | Utah Water Gardens | Utah Water Gardens",text/html; charset=utf-8,true,200,0,true,1,false,https://utahwatergardens.com/pond-services/cleaning
20,https://utahwatergardens.com/pond-maintenance/washington-terrace,"Pond Services in Washington Terrace, Utah | Utah Water Gardens | Utah Water Gardens",text/html; charset=utf-8,true,200,0,true,1,false,https://utahwatergardens.com/pond-services/maintenance
20,https://utahwatergardens.com/water-treatments/roy,"Pond Services in Roy, Utah | Utah Water Gardens | Utah Water Gardens",text/html; charset=utf-8,true,200,0,true,1,false,https://utahwatergardens.com/pond-supplies/water-treatments
20,https://utahwatergardens.com/water-treatments/springville,"Pond Services in Springville, Utah | Utah Water Gardens | Utah Water Gardens",text/html; charset=utf-8,true,200,0,true,1,false,https://utahwatergardens.com/pond-supplies/water-treatments
20,https://utahwatergardens.com/pond-cleaning/layton,"Pond Services in Layton, Utah | Utah Water Gardens | Utah Water Gardens",text/html; charset=utf-8,true,200,0,true,1,false,https://utahwatergardens.com/pond-services/cleaning
20,https://utahwatergardens.com/water-treatments/clinton,"Pond Services in Clinton, Utah | Utah Water Gardens | Utah Water Gardens",text/html; charset=utf-8,true,200,0,true,1,false,https://utahwatergardens.com/pond-supplies/water-treatments
20,https://utahwatergardens.com/images/heritage-pond-2.jpg,"Pond Services in Heritage Pond 2.Jpg, Utah | Utah Water Gardens | Utah Water Gardens",text/html; charset=utf-8,true,200,0,true,19,false,https://utahwatergardens.com/service-areas/murray
20,https://utahwatergardens.com/pond-services/south-ogden,"Pond Services in South Ogden, Utah | Utah Water Gardens | Utah Water Gardens",text/html; charset=utf-8,true,200,0,true,1,false,https://utahwatergardens.com/pond-gallery
20,https://utahwatergardens.com/water-treatments/farr-west,"Pond Services in Farr West, Utah | Utah Water Gardens | Utah Water Gardens",text/html; charset=utf-8,true,200,0,true,1,false,https://utahwatergardens.com/pond-supplies/water-treatments
20,https://utahwatergardens.com/pond-maintenance/clearfield,"Pond Services in Clearfield, Utah | Utah Water Gardens | Utah Water Gardens",text/html; charset=utf-8,true,200,0,true,1,false,https://utahwatergardens.com/pond-services/maintenance
20,https://utahwatergardens.com/water-treatments/murray,"Pond Services in Murray, Utah | Utah Water Gardens | Utah Water Gardens",text/html; charset=utf-8,true,200,0,true,1,false,https://utahwatergardens.com/pond-supplies/water-treatments
20,https://utahwatergardens.com/images/heritage-pond-3.jpg,"Pond Services in Heritage Pond 3.Jpg, Utah | Utah Water Gardens | Utah Water Gardens",text/html; charset=utf-8,true,200,0,true,13,false,https://utahwatergardens.com/service-areas/riverton
20,https://utahwatergardens.com/pond-supplies/farmington,"Pond Services in Farmington, Utah | Utah Water Gardens | Utah Water Gardens",text/html; charset=utf-8,true,200,0,true,3,false,https://utahwatergardens.com/pond-supplies
20,https://utahwatergardens.com/water-treatments/sandy,"Pond Services in Sandy, Utah | Utah Water Gardens | Utah Water Gardens",text/html; charset=utf-8,true,200,0,true,1,false,https://utahwatergardens.com/pond-supplies/water-treatments
20,https://utahwatergardens.com/images/professional-pond-1.jpg,"Pond Services in Professional Pond 1.Jpg, Utah | Utah Water Gardens | Utah Water Gardens",text/html; charset=utf-8,true,200,0,true,28,false,https://utahwatergardens.com/service-areas/salt-lake-city
20,https://utahwatergardens.com/pond-maintenance/draper,"Pond Services in Draper, Utah | Utah Water Gardens | Utah Water Gardens",text/html; charset=utf-8,true,200,0,true,1,false,https://utahwatergardens.com/pond-services/maintenance
20,https://utahwatergardens.com/water-treatments/spanish-fork,"Pond Services in Spanish Fork, Utah | Utah Water Gardens | Utah Water Gardens",text/html; charset=utf-8,true,200,0,true,1,false,https://utahwatergardens.com/pond-supplies/water-treatments
20,https://utahwatergardens.com/pond-supplies/west-valley-city,"Pond Services in West Valley City, Utah | Utah Water Gardens | Utah Water Gardens",text/html; charset=utf-8,true,200,0,true,3,false,https://utahwatergardens.com/pond-supplies
20,https://utahwatergardens.com/pond-services/salt-lake-city,"Pond Services in Salt Lake City, Utah | Utah Water Gardens | Utah Water Gardens",text/html; charset=utf-8,true,200,0,true,1,false,https://utahwatergardens.com/pond-gallery
20,https://utahwatergardens.com/pond-supplies/ogden,"Pond Services in Ogden, Utah | Utah Water Gardens | Utah Water Gardens",text/html; charset=utf-8,true,200,0,true,3,false,https://utahwatergardens.com/pond-supplies
20,https://utahwatergardens.com/pond-supplies/provo,"Pond Services in Provo, Utah | Utah Water Gardens | Utah Water Gardens",text/html; charset=utf-8,true,200,0,true,3,false,https://utahwatergardens.com/pond-supplies
