PR,URL,Title,Content type,Is rendered page,HTTP status code,Canonical URL,Canonical URL code,Is self-canonical,Is indexable page,Organic traffic,No. of all inlinks,First found at
20,https://utahwatergardens.com/service-areas/cedar-hills,"Pond Services in Cedar Hills, Utah | Utah Water Gardens | Utah Water Gardens",text/html; charset=utf-8,true,200,https://utahwatergardens.com/service-areas/cedar-hills,200,true,true,0,0,
20,https://utahwatergardens.com/service-areas/farmington,"Pond Services in Farmington, Utah | Utah Water Gardens | Utah Water Gardens",text/html; charset=utf-8,true,200,https://utahwatergardens.com/service-areas/farmington,200,true,true,0,0,
20,https://utahwatergardens.com/service-areas/south-jordan,"Pond Services in South Jordan, Utah | Utah Water Gardens | Utah Water Gardens",text/html; charset=utf-8,true,200,https://utahwatergardens.com/service-areas/south-jordan,200,true,true,0,0,
20,https://utahwatergardens.com/service-areas/tooele,"Pond Services in Tooele, Utah | Utah Water Gardens | Utah Water Gardens",text/html; charset=utf-8,true,200,https://utahwatergardens.com/service-areas/tooele,200,true,true,0,0,
20,https://utahwatergardens.com/service-areas/washington,"Pond Services in Washington, Utah | Utah Water Gardens | Utah Water Gardens",text/html; charset=utf-8,true,200,https://utahwatergardens.com/service-areas/washington,200,true,true,0,0,
20,https://utahwatergardens.com/service-areas/ivins,"Pond Services in Ivins, Utah | Utah Water Gardens | Utah Water Gardens",text/html; charset=utf-8,true,200,https://utahwatergardens.com/service-areas/ivins,200,true,true,0,0,
20,https://utahwatergardens.com/service-areas/stansbury-park,"Pond Services in Stansbury Park, Utah | Utah Water Gardens | Utah Water Gardens",text/html; charset=utf-8,true,200,https://utahwatergardens.com/service-areas/stansbury-park,200,true,true,0,0,
20,https://utahwatergardens.com/service-areas/peoa,"Pond Services in Peoa, Utah | Utah Water Gardens | Utah Water Gardens",text/html; charset=utf-8,true,200,https://utahwatergardens.com/service-areas/peoa,200,true,true,0,0,
20,https://utahwatergardens.com/service-areas/cottonwood-heights,"Pond Services in Cottonwood Heights, Utah | Utah Water Gardens | Utah Water Gardens",text/html; charset=utf-8,true,200,https://utahwatergardens.com/service-areas/cottonwood-heights,200,true,true,0,0,
20,https://utahwatergardens.com/service-areas/heber-city,"Pond Services in Heber City, Utah | Utah Water Gardens | Utah Water Gardens",text/html; charset=utf-8,true,200,https://utahwatergardens.com/service-areas/heber-city,200,true,true,0,0,
20,https://utahwatergardens.com/service-areas/grantsville,"Pond Services in Grantsville, Utah | Utah Water Gardens | Utah Water Gardens",text/html; charset=utf-8,true,200,https://utahwatergardens.com/service-areas/grantsville,200,true,true,0,0,
20,https://utahwatergardens.com/service-areas/nephi,"Pond Services in Nephi, Utah | Utah Water Gardens | Utah Water Gardens",text/html; charset=utf-8,true,200,https://utahwatergardens.com/service-areas/nephi,200,true,true,0,0,
20,https://utahwatergardens.com/service-areas/ibapah,"Pond Services in Ibapah, Utah | Utah Water Gardens | Utah Water Gardens",text/html; charset=utf-8,true,200,https://utahwatergardens.com/service-areas/ibapah,200,true,true,0,0,
20,https://utahwatergardens.com/service-areas/mesquite,"Pond Services in Mesquite, Utah | Utah Water Gardens | Utah Water Gardens",text/html; charset=utf-8,true,200,https://utahwatergardens.com/service-areas/mesquite,200,true,true,0,0,
20,https://utahwatergardens.com/service-areas/springville,"Pond Services in Springville, Utah | Utah Water Gardens | Utah Water Gardens",text/html; charset=utf-8,true,200,https://utahwatergardens.com/service-areas/springville,200,true,true,0,0,
20,https://utahwatergardens.com/service-areas/bluffdale,"Pond Services in Bluffdale, Utah | Utah Water Gardens | Utah Water Gardens",text/html; charset=utf-8,true,200,https://utahwatergardens.com/service-areas/bluffdale,200,true,true,0,0,
20,https://utahwatergardens.com/service-areas/american-fork,"Pond Services in American Fork, Utah | Utah Water Gardens | Utah Water Gardens",text/html; charset=utf-8,true,200,https://utahwatergardens.com/service-areas/american-fork,200,true,true,0,0,
20,https://utahwatergardens.com/service-areas/mapleton,"Pond Services in Mapleton, Utah | Utah Water Gardens | Utah Water Gardens",text/html; charset=utf-8,true,200,https://utahwatergardens.com/service-areas/mapleton,200,true,true,0,0,
20,https://utahwatergardens.com/service-areas/cedar-city,"Pond Services in Cedar City, Utah | Utah Water Gardens | Utah Water Gardens",text/html; charset=utf-8,true,200,https://utahwatergardens.com/service-areas/cedar-city,200,true,true,0,0,
20,https://utahwatergardens.com/service-areas/salt-lake-city,"Pond Services in Salt Lake City, Utah | Utah Water Gardens | Utah Water Gardens",text/html; charset=utf-8,true,200,https://utahwatergardens.com/service-areas/salt-lake-city,200,true,true,0,0,
20,https://utahwatergardens.com/service-areas/stockton,"Pond Services in Stockton, Utah | Utah Water Gardens | Utah Water Gardens",text/html; charset=utf-8,true,200,https://utahwatergardens.com/service-areas/stockton,200,true,true,0,0,
20,https://utahwatergardens.com/service-areas/alpine,"Pond Services in Alpine, Utah | Utah Water Gardens | Utah Water Gardens",text/html; charset=utf-8,true,200,https://utahwatergardens.com/service-areas/alpine,200,true,true,0,0,
20,https://utahwatergardens.com/service-areas/clinton,"Pond Services in Clinton, Utah | Utah Water Gardens | Utah Water Gardens",text/html; charset=utf-8,true,200,https://utahwatergardens.com/service-areas/clinton,200,true,true,0,0,
20,https://utahwatergardens.com/service-areas/kaysville,"Pond Services in Kaysville, Utah | Utah Water Gardens | Utah Water Gardens",text/html; charset=utf-8,true,200,https://utahwatergardens.com/service-areas/kaysville,200,true,true,0,0,
20,https://utahwatergardens.com/service-areas/francis,"Pond Services in Francis, Utah | Utah Water Gardens | Utah Water Gardens",text/html; charset=utf-8,true,200,https://utahwatergardens.com/service-areas/francis,200,true,true,0,0,
20,https://utahwatergardens.com/service-areas/draper,"Pond Services in Draper, Utah | Utah Water Gardens | Utah Water Gardens",text/html; charset=utf-8,true,200,https://utahwatergardens.com/service-areas/draper,200,true,true,0,0,
20,https://utahwatergardens.com/service-areas/riverdale,"Pond Services in Riverdale, Utah | Utah Water Gardens | Utah Water Gardens",text/html; charset=utf-8,true,200,https://utahwatergardens.com/service-areas/riverdale,200,true,true,0,0,
20,https://utahwatergardens.com/service-areas/pleasant-grove,"Pond Services in Pleasant Grove, Utah | Utah Water Gardens | Utah Water Gardens",text/html; charset=utf-8,true,200,https://utahwatergardens.com/service-areas/pleasant-grove,200,true,true,0,0,
20,https://utahwatergardens.com/service-areas/coalville,"Pond Services in Coalville, Utah | Utah Water Gardens | Utah Water Gardens",text/html; charset=utf-8,true,200,https://utahwatergardens.com/service-areas/coalville,200,true,true,0,0,
20,https://utahwatergardens.com/service-areas/bountiful,"Pond Services in Bountiful, Utah | Utah Water Gardens | Utah Water Gardens",text/html; charset=utf-8,true,200,https://utahwatergardens.com/service-areas/bountiful,200,true,true,0,0,
20,https://utahwatergardens.com/service-areas/vernon,"Pond Services in Vernon, Utah | Utah Water Gardens | Utah Water Gardens",text/html; charset=utf-8,true,200,https://utahwatergardens.com/service-areas/vernon,200,true,true,0,0,
20,https://utahwatergardens.com/service-areas/ogden,"Pond Services in Ogden, Utah | Utah Water Gardens | Utah Water Gardens",text/html; charset=utf-8,true,200,https://utahwatergardens.com/service-areas/ogden,200,true,true,0,0,
20,https://utahwatergardens.com/service-areas/la-verkin,"Pond Services in La Verkin, Utah | Utah Water Gardens | Utah Water Gardens",text/html; charset=utf-8,true,200,https://utahwatergardens.com/service-areas/la-verkin,200,true,true,0,0,
20,https://utahwatergardens.com/plants-fish/all,"Pond Services in All, Utah | Utah Water Gardens | Utah Water Gardens",text/html; charset=utf-8,true,200,https://utahwatergardens.com/plants-fish/all,200,true,true,0,2,https://utahwatergardens.com/plants-fish
20,https://utahwatergardens.com/service-areas/hurricane,"Pond Services in Hurricane, Utah | Utah Water Gardens | Utah Water Gardens",text/html; charset=utf-8,true,200,https://utahwatergardens.com/service-areas/hurricane,200,true,true,0,0,
20,https://utahwatergardens.com/service-areas/midvale,"Pond Services in Midvale, Utah | Utah Water Gardens | Utah Water Gardens",text/html; charset=utf-8,true,200,https://utahwatergardens.com/service-areas/midvale,200,true,true,0,0,
20,https://utahwatergardens.com/service-areas/provo,"Pond Services in Provo, Utah | Utah Water Gardens | Utah Water Gardens",text/html; charset=utf-8,true,200,https://utahwatergardens.com/service-areas/provo,200,true,true,0,0,
20,https://utahwatergardens.com/service-areas/herriman,"Pond Services in Herriman, Utah | Utah Water Gardens | Utah Water Gardens",text/html; charset=utf-8,true,200,https://utahwatergardens.com/service-areas/herriman,200,true,true,0,0,
20,https://utahwatergardens.com/service-areas/north-salt-lake,"Pond Services in North Salt Lake, Utah | Utah Water Gardens | Utah Water Gardens",text/html; charset=utf-8,true,200,https://utahwatergardens.com/service-areas/north-salt-lake,200,true,true,0,0,
20,https://utahwatergardens.com/service-areas/santa-clara,"Pond Services in Santa Clara, Utah | Utah Water Gardens | Utah Water Gardens",text/html; charset=utf-8,true,200,https://utahwatergardens.com/service-areas/santa-clara,200,true,true,0,0,
20,https://utahwatergardens.com/service-areas/cedar-valley,"Pond Services in Cedar Valley, Utah | Utah Water Gardens | Utah Water Gardens",text/html; charset=utf-8,true,200,https://utahwatergardens.com/service-areas/cedar-valley,200,true,true,0,0,
20,https://utahwatergardens.com/service-areas/genola,"Pond Services in Genola, Utah | Utah Water Gardens | Utah Water Gardens",text/html; charset=utf-8,true,200,https://utahwatergardens.com/service-areas/genola,200,true,true,0,0,
20,https://utahwatergardens.com/service-areas/springdale,"Pond Services in Springdale, Utah | Utah Water Gardens | Utah Water Gardens",text/html; charset=utf-8,true,200,https://utahwatergardens.com/service-areas/springdale,200,true,true,0,0,
20,https://utahwatergardens.com/service-areas/north-ogden,"Pond Services in North Ogden, Utah | Utah Water Gardens | Utah Water Gardens",text/html; charset=utf-8,true,200,https://utahwatergardens.com/service-areas/north-ogden,200,true,true,0,0,
20,https://utahwatergardens.com/service-areas/roy,"Pond Services in Roy, Utah | Utah Water Gardens | Utah Water Gardens",text/html; charset=utf-8,true,200,https://utahwatergardens.com/service-areas/roy,200,true,true,0,0,
20,https://utahwatergardens.com/service-areas/fillmore,"Pond Services in Fillmore, Utah | Utah Water Gardens | Utah Water Gardens",text/html; charset=utf-8,true,200,https://utahwatergardens.com/service-areas/fillmore,200,true,true,0,0,
20,https://utahwatergardens.com/service-areas/beaver,"Pond Services in Beaver, Utah | Utah Water Gardens | Utah Water Gardens",text/html; charset=utf-8,true,200,https://utahwatergardens.com/service-areas/beaver,200,true,true,0,0,
20,https://utahwatergardens.com/service-areas/oakley,"Pond Services in Oakley, Utah | Utah Water Gardens | Utah Water Gardens",text/html; charset=utf-8,true,200,https://utahwatergardens.com/service-areas/oakley,200,true,true,0,0,
20,https://utahwatergardens.com/service-areas/pepperwood,"Pond Services in Pepperwood, Utah | Utah Water Gardens | Utah Water Gardens",text/html; charset=utf-8,true,200,https://utahwatergardens.com/service-areas/pepperwood,200,true,true,0,0,
20,https://utahwatergardens.com/service-areas/eagle-mountain,"Pond Services in Eagle Mountain, Utah | Utah Water Gardens | Utah Water Gardens",text/html; charset=utf-8,true,200,https://utahwatergardens.com/service-areas/eagle-mountain,200,true,true,0,0,
20,https://utahwatergardens.com/service-areas/richfield,"Pond Services in Richfield, Utah | Utah Water Gardens | Utah Water Gardens",text/html; charset=utf-8,true,200,https://utahwatergardens.com/service-areas/richfield,200,true,true,0,0,
20,https://utahwatergardens.com/service-areas/orem,"Pond Services in Orem, Utah | Utah Water Gardens | Utah Water Gardens",text/html; charset=utf-8,true,200,https://utahwatergardens.com/service-areas/orem,200,true,true,0,0,
20,https://utahwatergardens.com/service-areas/woods-cross,"Pond Services in Woods Cross, Utah | Utah Water Gardens | Utah Water Gardens",text/html; charset=utf-8,true,200,https://utahwatergardens.com/service-areas/woods-cross,200,true,true,0,0,
20,https://utahwatergardens.com/service-areas/lake-point,"Pond Services in Lake Point, Utah | Utah Water Gardens | Utah Water Gardens",text/html; charset=utf-8,true,200,https://utahwatergardens.com/service-areas/lake-point,200,true,true,0,0,
20,https://utahwatergardens.com/service-areas/millcreek,"Pond Services in Millcreek, Utah | Utah Water Gardens | Utah Water Gardens",text/html; charset=utf-8,true,200,https://utahwatergardens.com/service-areas/millcreek,200,true,true,0,0,
20,https://utahwatergardens.com/service-areas/holladay,"Pond Services in Holladay, Utah | Utah Water Gardens | Utah Water Gardens",text/html; charset=utf-8,true,200,https://utahwatergardens.com/service-areas/holladay,200,true,true,0,0,
20,https://utahwatergardens.com/pond-services/water-quality-testing,"Pond Services in Water Quality Testing, Utah | Utah Water Gardens | Utah Water Gardens",text/html; charset=utf-8,true,200,https://utahwatergardens.com/pond-services/water-quality-testing,200,true,true,0,1,https://utahwatergardens.com/pond-services/water-quality
20,https://utahwatergardens.com/service-areas/delta,"Pond Services in Delta, Utah | Utah Water Gardens | Utah Water Gardens",text/html; charset=utf-8,true,200,https://utahwatergardens.com/service-areas/delta,200,true,true,0,0,
20,https://utahwatergardens.com/service-areas/highland,"Pond Services in Highland, Utah | Utah Water Gardens | Utah Water Gardens",text/html; charset=utf-8,true,200,https://utahwatergardens.com/service-areas/highland,200,true,true,0,0,
20,https://utahwatergardens.com/service-areas/dugway,"Pond Services in Dugway, Utah | Utah Water Gardens | Utah Water Gardens",text/html; charset=utf-8,true,200,https://utahwatergardens.com/service-areas/dugway,200,true,true,0,0,
20,https://utahwatergardens.com/service-areas/erda,"Pond Services in Erda, Utah | Utah Water Gardens | Utah Water Gardens",text/html; charset=utf-8,true,200,https://utahwatergardens.com/service-areas/erda,200,true,true,0,0,
20,https://utahwatergardens.com/service-areas/salina,"Pond Services in Salina, Utah | Utah Water Gardens | Utah Water Gardens",text/html; charset=utf-8,true,200,https://utahwatergardens.com/service-areas/salina,200,true,true,0,0,
20,https://utahwatergardens.com/service-areas/pleasant-view,"Pond Services in Pleasant View, Utah | Utah Water Gardens | Utah Water Gardens",text/html; charset=utf-8,true,200,https://utahwatergardens.com/service-areas/pleasant-view,200,true,true,0,0,
20,https://utahwatergardens.com/service-areas/lehi,"Pond Services in Lehi, Utah | Utah Water Gardens | Utah Water Gardens",text/html; charset=utf-8,true,200,https://utahwatergardens.com/service-areas/lehi,200,true,true,0,0,
20,https://utahwatergardens.com/service-areas/snyderville,"Pond Services in Snyderville, Utah | Utah Water Gardens | Utah Water Gardens",text/html; charset=utf-8,true,200,https://utahwatergardens.com/service-areas/snyderville,200,true,true,0,0,
20,https://utahwatergardens.com/service-areas/kearns,"Pond Services in Kearns, Utah | Utah Water Gardens | Utah Water Gardens",text/html; charset=utf-8,true,200,https://utahwatergardens.com/service-areas/kearns,200,true,true,0,0,
20,https://utahwatergardens.com/service-areas/midway,"Pond Services in Midway, Utah | Utah Water Gardens | Utah Water Gardens",text/html; charset=utf-8,true,200,https://utahwatergardens.com/service-areas/midway,200,true,true,0,0,
20,https://utahwatergardens.com/service-areas/st-george,"Pond Services in St George, Utah | Utah Water Gardens | Utah Water Gardens",text/html; charset=utf-8,true,200,https://utahwatergardens.com/service-areas/st-george,200,true,true,0,0,
20,https://utahwatergardens.com/service-areas/manti,"Pond Services in Manti, Utah | Utah Water Gardens | Utah Water Gardens",text/html; charset=utf-8,true,200,https://utahwatergardens.com/service-areas/manti,200,true,true,0,0,
20,https://utahwatergardens.com/service-areas/clearfield,"Pond Services in Clearfield, Utah | Utah Water Gardens | Utah Water Gardens",text/html; charset=utf-8,true,200,https://utahwatergardens.com/service-areas/clearfield,200,true,true,0,0,
20,https://utahwatergardens.com/service-areas/west-jordan,"Pond Services in West Jordan, Utah | Utah Water Gardens | Utah Water Gardens",text/html; charset=utf-8,true,200,https://utahwatergardens.com/service-areas/west-jordan,200,true,true,0,0,
20,https://utahwatergardens.com/service-areas/saratoga-springs,"Pond Services in Saratoga Springs, Utah | Utah Water Gardens | Utah Water Gardens",text/html; charset=utf-8,true,200,https://utahwatergardens.com/service-areas/saratoga-springs,200,true,true,0,0,
20,https://utahwatergardens.com/service-areas/wendover,"Pond Services in Wendover, Utah | Utah Water Gardens | Utah Water Gardens",text/html; charset=utf-8,true,200,https://utahwatergardens.com/service-areas/wendover,200,true,true,0,0,
20,https://utahwatergardens.com/service-areas/murray,"Pond Services in Murray, Utah | Utah Water Gardens | Utah Water Gardens",text/html; charset=utf-8,true,200,https://utahwatergardens.com/service-areas/murray,200,true,true,0,0,
20,https://utahwatergardens.com/service-areas/ephraim,"Pond Services in Ephraim, Utah | Utah Water Gardens | Utah Water Gardens",text/html; charset=utf-8,true,200,https://utahwatergardens.com/service-areas/ephraim,200,true,true,0,0,
20,https://utahwatergardens.com/service-areas/lindon,"Pond Services in Lindon, Utah | Utah Water Gardens | Utah Water Gardens",text/html; charset=utf-8,true,200,https://utahwatergardens.com/service-areas/lindon,200,true,true,0,0,
20,https://utahwatergardens.com/service-areas/riverton,"Pond Services in Riverton, Utah | Utah Water Gardens | Utah Water Gardens",text/html; charset=utf-8,true,200,https://utahwatergardens.com/service-areas/riverton,200,true,true,0,0,
20,https://utahwatergardens.com/pond-services/dredging,"Pond Services in Dredging, Utah | Utah Water Gardens | Utah Water Gardens",text/html; charset=utf-8,true,200,https://utahwatergardens.com/pond-services/dredging,200,true,true,0,7,https://utahwatergardens.com/pond-services
20,https://utahwatergardens.com/service-areas/washington-terrace,"Pond Services in Washington Terrace, Utah | Utah Water Gardens | Utah Water Gardens",text/html; charset=utf-8,true,200,https://utahwatergardens.com/service-areas/washington-terrace,200,true,true,0,0,
20,https://utahwatergardens.com/service-areas/goshen,"Pond Services in Goshen, Utah | Utah Water Gardens | Utah Water Gardens",text/html; charset=utf-8,true,200,https://utahwatergardens.com/service-areas/goshen,200,true,true,0,0,
20,https://utahwatergardens.com/service-areas/taylorsville,"Pond Services in Taylorsville, Utah | Utah Water Gardens | Utah Water Gardens",text/html; charset=utf-8,true,200,https://utahwatergardens.com/service-areas/taylorsville,200,true,true,0,0,
20,https://utahwatergardens.com/service-areas/virgin,"Pond Services in Virgin, Utah | Utah Water Gardens | Utah Water Gardens",text/html; charset=utf-8,true,200,https://utahwatergardens.com/service-areas/virgin,200,true,true,0,0,
20,https://utahwatergardens.com/service-areas/layton,"Pond Services in Layton, Utah | Utah Water Gardens | Utah Water Gardens",text/html; charset=utf-8,true,200,https://utahwatergardens.com/service-areas/layton,200,true,true,0,0,
20,https://utahwatergardens.com/service-areas/parowan,"Pond Services in Parowan, Utah | Utah Water Gardens | Utah Water Gardens",text/html; charset=utf-8,true,200,https://utahwatergardens.com/service-areas/parowan,200,true,true,0,0,
20,https://utahwatergardens.com/service-areas/park-city,"Pond Services in Park City, Utah | Utah Water Gardens | Utah Water Gardens",text/html; charset=utf-8,true,200,https://utahwatergardens.com/service-areas/park-city,200,true,true,0,0,
20,https://utahwatergardens.com/service-areas/spanish-fork,"Pond Services in Spanish Fork, Utah | Utah Water Gardens | Utah Water Gardens",text/html; charset=utf-8,true,200,https://utahwatergardens.com/service-areas/spanish-fork,200,true,true,0,0,
20,https://utahwatergardens.com/service-areas/sandy,"Pond Services in Sandy, Utah | Utah Water Gardens | Utah Water Gardens",text/html; charset=utf-8,true,200,https://utahwatergardens.com/service-areas/sandy,200,true,true,0,0,
20,https://utahwatergardens.com/service-areas/payson,"Pond Services in Payson, Utah | Utah Water Gardens | Utah Water Gardens",text/html; charset=utf-8,true,200,https://utahwatergardens.com/service-areas/payson,200,true,true,0,0,
20,https://utahwatergardens.com/pond-services/water-testing,"Pond Services in Water Testing, Utah | Utah Water Gardens | Utah Water Gardens",text/html; charset=utf-8,true,200,https://utahwatergardens.com/pond-services/water-testing,200,true,true,0,6,https://utahwatergardens.com/pond-services
20,https://utahwatergardens.com/service-areas/leeds,"Pond Services in Leeds, Utah | Utah Water Gardens | Utah Water Gardens",text/html; charset=utf-8,true,200,https://utahwatergardens.com/service-areas/leeds,200,true,true,0,0,
20,https://utahwatergardens.com/service-areas/kamas,"Pond Services in Kamas, Utah | Utah Water Gardens | Utah Water Gardens",text/html; charset=utf-8,true,200,https://utahwatergardens.com/service-areas/kamas,200,true,true,0,0,
20,https://utahwatergardens.com/service-areas/red-ledges,"Pond Services in Red Ledges, Utah | Utah Water Gardens | Utah Water Gardens",text/html; charset=utf-8,true,200,https://utahwatergardens.com/service-areas/red-ledges,200,true,true,0,0,
20,https://utahwatergardens.com/service-areas/south-ogden,"Pond Services in South Ogden, Utah | Utah Water Gardens | Utah Water Gardens",text/html; charset=utf-8,true,200,https://utahwatergardens.com/service-areas/south-ogden,200,true,true,0,0,
20,https://utahwatergardens.com/service-areas/samak,"Pond Services in Samak, Utah | Utah Water Gardens | Utah Water Gardens",text/html; charset=utf-8,true,200,https://utahwatergardens.com/service-areas/samak,200,true,true,0,0,
20,https://utahwatergardens.com/service-areas/centerville,"Pond Services in Centerville, Utah | Utah Water Gardens | Utah Water Gardens",text/html; charset=utf-8,true,200,https://utahwatergardens.com/service-areas/centerville,200,true,true,0,0,
20,https://utahwatergardens.com/service-areas/milford,"Pond Services in Milford, Utah | Utah Water Gardens | Utah Water Gardens",text/html; charset=utf-8,true,200,https://utahwatergardens.com/service-areas/milford,200,true,true,0,0,
20,https://utahwatergardens.com/service-areas/mona,"Pond Services in Mona, Utah | Utah Water Gardens | Utah Water Gardens",text/html; charset=utf-8,true,200,https://utahwatergardens.com/service-areas/mona,200,true,true,0,0,
20,https://utahwatergardens.com/service-areas/west-valley-city,"Pond Services in West Valley City, Utah | Utah Water Gardens | Utah Water Gardens",text/html; charset=utf-8,true,200,https://utahwatergardens.com/service-areas/west-valley-city,200,true,true,0,0,
20,https://utahwatergardens.com/service-areas/salem,"Pond Services in Salem, Utah | Utah Water Gardens | Utah Water Gardens",text/html; charset=utf-8,true,200,https://utahwatergardens.com/service-areas/salem,200,true,true,0,0,
20,https://utahwatergardens.com/service-areas/woodland-hills,"Pond Services in Woodland Hills, Utah | Utah Water Gardens | Utah Water Gardens",text/html; charset=utf-8,true,200,https://utahwatergardens.com/service-areas/woodland-hills,200,true,true,0,0,
20,https://utahwatergardens.com/service-areas/enoch,"Pond Services in Enoch, Utah | Utah Water Gardens | Utah Water Gardens",text/html; charset=utf-8,true,200,https://utahwatergardens.com/service-areas/enoch,200,true,true,0,0,
20,https://utahwatergardens.com/service-areas/magna,"Pond Services in Magna, Utah | Utah Water Gardens | Utah Water Gardens",text/html; charset=utf-8,true,200,https://utahwatergardens.com/service-areas/magna,200,true,true,0,0,
20,https://utahwatergardens.com/service-areas/syracuse,"Pond Services in Syracuse, Utah | Utah Water Gardens | Utah Water Gardens",text/html; charset=utf-8,true,200,https://utahwatergardens.com/service-areas/syracuse,200,true,true,0,0,
20,https://utahwatergardens.com/service-areas/hoytsville,"Pond Services in Hoytsville, Utah | Utah Water Gardens | Utah Water Gardens",text/html; charset=utf-8,true,200,https://utahwatergardens.com/service-areas/hoytsville,200,true,true,0,0,
19,https://utahwatergardens.com/pond-services/truxor-t50,Truxor Service | Professional Lake Maintenance Equipment | Utah Water Gardens | Utah Water Gardens,text/html; charset=utf-8,true,200,https://utahwatergardens.com/pond-services/truxor,200,false,false,0,4427,https://utahwatergardens.com/about
19,https://utahwatergardens.com/pond-supplies/tools,Pond Tools & Accessories | Maintenance Equipment | Utah Water Gardens | Utah Water Gardens,text/html; charset=utf-8,true,200,https://utahwatergardens.com/pond-supplies/tools-accessories,200,false,false,0,4427,https://utahwatergardens.com/about
1,https://utahwatergardens.com/plant/chromatella-yellow-water-lily,Aquatic Plant Details | Plant Care Guide | Utah Water Gardens | Utah Water Gardens,text/html; charset=utf-8,true,200,https://utahwatergardens.com/plant-detail,200,false,false,0,191,https://utahwatergardens.com/
1,https://utahwatergardens.com/plant/umbrella-palm,Aquatic Plant Details | Plant Care Guide | Utah Water Gardens | Utah Water Gardens,text/html; charset=utf-8,true,200,https://utahwatergardens.com/plant-detail,200,false,false,0,191,https://utahwatergardens.com/
1,https://utahwatergardens.com/plant/pickerel-rush,Aquatic Plant Details | Plant Care Guide | Utah Water Gardens | Utah Water Gardens,text/html; charset=utf-8,true,200,https://utahwatergardens.com/plant-detail,200,false,false,0,191,https://utahwatergardens.com/
1,https://utahwatergardens.com/plant/marsh-marigold,Aquatic Plant Details | Plant Care Guide | Utah Water Gardens | Utah Water Gardens,text/html; charset=utf-8,true,200,https://utahwatergardens.com/plant-detail,200,false,false,0,191,https://utahwatergardens.com/
1,https://utahwatergardens.com/plant/water-lettuce,Aquatic Plant Details | Plant Care Guide | Utah Water Gardens | Utah Water Gardens,text/html; charset=utf-8,true,200,https://utahwatergardens.com/plant-detail,200,false,false,0,191,https://utahwatergardens.com/
1,https://utahwatergardens.com/plant/sunset-changeable-water-lily,Aquatic Plant Details | Plant Care Guide | Utah Water Gardens | Utah Water Gardens,text/html; charset=utf-8,true,200,https://utahwatergardens.com/plant-detail,200,false,false,0,191,https://utahwatergardens.com/
1,https://utahwatergardens.com/plant/chinese-arrowhead,Aquatic Plant Details | Plant Care Guide | Utah Water Gardens | Utah Water Gardens,text/html; charset=utf-8,true,200,https://utahwatergardens.com/plant-detail,200,false,false,0,191,https://utahwatergardens.com/
1,https://utahwatergardens.com/plant/white-water-lily,Aquatic Plant Details | Plant Care Guide | Utah Water Gardens | Utah Water Gardens,text/html; charset=utf-8,true,200,https://utahwatergardens.com/plant-detail,200,false,false,0,191,https://utahwatergardens.com/
1,https://utahwatergardens.com/plant/golden-spike-rush,Aquatic Plant Details | Plant Care Guide | Utah Water Gardens | Utah Water Gardens,text/html; charset=utf-8,true,200,https://utahwatergardens.com/plant-detail,200,false,false,0,191,https://utahwatergardens.com/
1,https://utahwatergardens.com/plant/water-hyacinth,Aquatic Plant Details | Plant Care Guide | Utah Water Gardens | Utah Water Gardens,text/html; charset=utf-8,true,200,https://utahwatergardens.com/plant-detail,200,false,false,0,191,https://utahwatergardens.com/
1,https://utahwatergardens.com/plant/pink-water-lily,Aquatic Plant Details | Plant Care Guide | Utah Water Gardens | Utah Water Gardens,text/html; charset=utf-8,true,200,https://utahwatergardens.com/plant-detail,200,false,false,0,191,https://utahwatergardens.com/
0,https://utahwatergardens.com/plant/yerba-mansa,Aquatic Plant Details | Plant Care Guide | Utah Water Gardens | Utah Water Gardens,text/html; charset=utf-8,true,200,https://utahwatergardens.com/plant-detail,200,false,false,0,1,https://utahwatergardens.com/plants-fish/marginal-plants
0,https://utahwatergardens.com/plant/duckweed,Aquatic Plant Details | Plant Care Guide | Utah Water Gardens | Utah Water Gardens,text/html; charset=utf-8,true,200,https://utahwatergardens.com/plant-detail,200,false,false,0,1,https://utahwatergardens.com/plants-fish/floating-plants
0,https://utahwatergardens.com/plant/red-amaranth,Aquatic Plant Details | Plant Care Guide | Utah Water Gardens | Utah Water Gardens,text/html; charset=utf-8,true,200,https://utahwatergardens.com/plant-detail,200,false,false,0,1,https://utahwatergardens.com/plants-fish/marginal-plants
0,https://utahwatergardens.com/plant/calla-lily,Aquatic Plant Details | Plant Care Guide | Utah Water Gardens | Utah Water Gardens,text/html; charset=utf-8,true,200,https://utahwatergardens.com/plant-detail,200,false,false,0,1,https://utahwatergardens.com/plants-fish/marginal-plants
0,https://utahwatergardens.com/blog/pond-liners-utah-guide,Pond Liners Utah Guide: Choosing the Right Liner for Your Climate | Utah Water Gardens Blog,text/html; charset=utf-8,true,200,https://utahwatergardens.com/blog/undefined,200,false,false,0,1,https://utahwatergardens.com/blog
0,https://utahwatergardens.com/plant/equisetum,Aquatic Plant Details | Plant Care Guide | Utah Water Gardens | Utah Water Gardens,text/html; charset=utf-8,true,200,https://utahwatergardens.com/plant-detail,200,false,false,0,1,https://utahwatergardens.com/plants-fish/marginal-plants
0,https://utahwatergardens.com/plant/azolla,Aquatic Plant Details | Plant Care Guide | Utah Water Gardens | Utah Water Gardens,text/html; charset=utf-8,true,200,https://utahwatergardens.com/plant-detail,200,false,false,0,1,https://utahwatergardens.com/plants-fish/floating-plants
0,https://utahwatergardens.com/plant/red-mimulus,Aquatic Plant Details | Plant Care Guide | Utah Water Gardens | Utah Water Gardens,text/html; charset=utf-8,true,200,https://utahwatergardens.com/plant-detail,200,false,false,0,1,https://utahwatergardens.com/plants-fish/marginal-plants
0,https://utahwatergardens.com/plant/slenderleaf-dragonhead,Aquatic Plant Details | Plant Care Guide | Utah Water Gardens | Utah Water Gardens,text/html; charset=utf-8,true,200,https://utahwatergardens.com/plant-detail,200,false,false,0,1,https://utahwatergardens.com/plants-fish/marginal-plants
0,https://utahwatergardens.com/plant/sensitive-plant,Aquatic Plant Details | Plant Care Guide | Utah Water Gardens | Utah Water Gardens,text/html; charset=utf-8,true,200,https://utahwatergardens.com/plant-detail,200,false,false,0,1,https://utahwatergardens.com/plants-fish/marginal-plants
0,https://utahwatergardens.com/plant/utah-water-clover,Aquatic Plant Details | Plant Care Guide | Utah Water Gardens | Utah Water Gardens,text/html; charset=utf-8,true,200,https://utahwatergardens.com/plant-detail,200,false,false,0,1,https://utahwatergardens.com/plants-fish/marginal-plants
0,https://utahwatergardens.com/plant/blue-flower,Aquatic Plant Details | Plant Care Guide | Utah Water Gardens | Utah Water Gardens,text/html; charset=utf-8,true,200,https://utahwatergardens.com/plant-detail,200,false,false,0,1,https://utahwatergardens.com/plants-fish/marginal-plants
