industry,url,company_name,title,phone,email,about_us,services,service_areas,pricing_info,social_media,year_established,certifications,specializations
pond_management,https://hensleypro.com/,Get Connected with Contractors,Get Connected with Contractors,N/A,N/A,N/A,N/A,"Salt Lake, Salt Lake City",N/A,N/A,N/A,N/A,N/A
pond_management,https://www.clearwaterlandscaping.com/,Clearwater Landscaping – Landscapes for Life,Clearwater Landscaping – Landscapes for Life,208.788.5486,info@clearwaterlandscaping.com,About Us | About Us | About Us,N/A,Local Service Area,N/A,N/A,1978,N/A,N/A
pond_management,https://www.aquascapeutah.com/,Aquascapeutah,N/A,N/A,N/A,N/A,N/A,N/A,N/A,N/A,N/A,N/A,N/A
pond_management,https://www.utahwaterfeatures.com/,utahwaterfeatures,UtahScapes Landscaping and RockWorks,801-940-0917,N/A,N/A,N/A,Utah,licensed & insuredbudget friendly ----- free estimatesquick response ----- free consulting take time and watch,N/A,N/A,Licensed | Insured,Water Features
pond_management,https://www.thepondguy.com/,Pond and Water Garden Supplies | The Pond Guy,Pond and Water Garden Supplies | The Pond Guy,866.766.3435,N/A,View All | About Us | Services,"Maintenance: The Pond Guy InstaFix Algae Control, Algae Control | Specialty: , Other Water Garden, The Pond Guy - Pond and Water Garden Supplies and Equipment, Water Garden Articles, Products for Small Ponds, Water Gardens, and Pondless Waterfalls",Local Service Area,N/A,facebook: https://www.facebook.com/therealpondguy/ | instagram: https://www.instagram.com/therealpondguy/ | youtube: https://www.youtube.com/user/thepondguy/,N/A,N/A,Water Features | Pondless Waterfalls
pond_management,https://www.sapphirefountains.com/,The University of Utah,Custom Water Features & Maintenance in Utah | Sapphire,801-837-2199,info@sapphirefountains.com,N/A,N/A,"Salt Lake, Salt Lake City, Utah",N/A,facebook: https://www.facebook.com/sapphirefountains | instagram: https://www.instagram.com/sapphirefountains?igsh=MW11c2NqcXB6ZnI3aQ== | linkedin: https://www.linkedin.com/company/sapphire-fountains/posts/?feedView=all,N/A,N/A,Water Features
pond_management,https://www.utahwatergardenclub.org/,Utah Pond & Garden Club,Utah Pond & Garden Club,N/A,utahwatergarden@gmail.com,N/A,N/A,"Draper, Utah",N/A,N/A,N/A,N/A,N/A
pond_management,https://www.utahwatergardens.com/,Utah Water Gardens  with stylized text and red and blue water lily,"Utah Water Gardens | Custom Ponds, Waterfalls & Aquatics",801-590-8516,contact@utahwatergardens.com,N/A,"Specialty: , © 2024 Utah Water Gardens, Utah Water Gardens | Custom Ponds, Waterfalls & Aquatics","Salt Lake, Salt Lake City, Utah",N/A,N/A,N/A,N/A,Water Features
pond_management,https://allstarpros.com/,All Star Pros - Find the help you need to get your project done right.,All Star Pros - Find the help you need to get your project done right.,N/A,N/A,"About Us | At All Star Pros, we provide you with the best possible home services experience. Our contractors and partners can help you with a variety of projects.Why us?Quick quoteLocal service techniciansReside...",Repair: ,Local Service Area,"free quoteenter your zip code for a free estimate | projectsget your estimateclick for a free estimate in seconds!high quality, affordableready to tackle your next",N/A,N/A,N/A,N/A
pond_management,https://www.koipond.com/,Koipond,N/A,N/A,N/A,N/A,N/A,N/A,N/A,N/A,N/A,N/A,N/A
pond_management,https://www.watergarden.com/,Home - The Water Garden,Home - The Water Garden,N/A,info@watergarden.com,About | About,"Specialty: , Home - The Water Garden, Exploring the Beauty of Water Gardens and Koi Ponds, Exploring the Wonders of Water Gardens, Copyright © 2025 The Water Garden | Powered by",N/A,N/A,N/A,N/A,N/A,Koi Ponds
pond_management,https://www.pondliner.com/,"Pond Supplies, Pond Liner & Water Garden Supplies","Pond Supplies, Pond Liner & Water Garden Supplies",866-766-3548,N/A,About Us,"Maintenance: Pond Solutions & Algae Control | Equipment: Savio Compact Skimmers, OASE Pond Skimmers, EasyPro Pro-Series Pond Skimmers, pond skimmers, Pond Skimmers | Specialty: Pond Supplies, Pond Liner & Water Garden Supplies, Atlantic Water Gardens TT Series Pump Accessories, Atlantic Water Gardens ColorFalls Accessories, Atlantic Water Garden Kits",Alpine,N/A,facebook: https://www.facebook.com/Pondliner | twitter: https://twitter.com/Pondliner | youtube: https://www.youtube.com/user/PondlinerCom,N/A,N/A,Water Features | Pondless Waterfalls
pond_management,https://www.azponds.com/,,Pond Supplies at affordable prices and FREE Shipping on most items!,302-307-3016,N/A,N/A,"Equipment: Pond Skimmers | Specialty: Beautiful Water Gardens, Water Gardens",N/A,N/A,facebook: https://www.facebook.com/AzPondsAndSupplies/ | facebook: https://www.facebook.com/AzPondsAndSupplies/ | facebook: https://www.facebook.com/AzPondsAndSupplies/,N/A,N/A,Water Features
pond_management,https://www.koi.com/,"Koi.com | Koi fish for sale. Quality Pond Grade Koi, World Class Tategoi Koi & Grand Champion 

Koi","Koi.com | Koi fish for sale. Quality Pond Grade Koi, World Class Tategoi Koi & Grand Champion 

Koi",800-827-5819,info@koi.com,About | About,N/A,N/A,N/A,N/A,N/A,N/A,N/A
pond_management,https://www.pondboss.com/,Pond Boss Magazine: PondBoss Magazine,Pond Boss Magazine: PondBoss Magazine,(580) 919-5110,N/A,About Us |  | ,N/A,N/A,N/A,facebook: http://www.facebook.com/PondBossMagazine | facebook: https://www.facebook.com/PondBossMagazine/ | facebook: http://www.facebook.com/PondBossMagazine,N/A,Certified,N/A
pond_management,https://www.akca.org/,Akca,N/A,N/A,N/A,N/A,N/A,N/A,N/A,N/A,N/A,N/A,N/A
pond_management,https://www.koiusa.com/,"KOI USA | Breaking USA News & Top Stories , Entertainment, Business","KOI USA | Breaking USA News & Top Stories , Entertainment, Business",N/A,N/A,About Us,N/A,N/A,N/A,N/A,N/A,N/A,N/A
dumpster_rentals,https://www.wasatchwaste.com/,Wasatchwaste,N/A,N/A,N/A,N/A,N/A,N/A,N/A,N/A,N/A,N/A,N/A
dumpster_rentals,https://www.utahdumpsterrental.com/,Dumpster Rental | Affordable Prices | Uncle Buck Dumpster Rental,Dumpster Rental | Affordable Prices | Uncle Buck Dumpster Rental,(734) 307-5763,info@UncleBuck.com,About | Read More,"Sizes: , Roll-Off Dumpsters",Local Service Area,N/A,N/A,N/A,N/A,Construction | Residential | Commercial
dumpster_rentals,https://www.saltlakedumpster.com/,"Dumpster Rental Salt Lake City, UT Dumpster","Dumpster Rental Salt Lake City, UT | Salt Lake Dumpster",(801) 971-7179,971-7179Emailinquiry@saltlakedumpster.comCopyright,About,Sizes: Roll-Off Dumpster Rental | Waste_Types: Property Junk Removal,"Salt Lake, Salt Lake City, Salt Lake County",N/A,N/A,N/A,N/A,Construction | Residential | Commercial
dumpster_rentals,https://www.dumpsterrentalutah.com/,Dumpsterrentalutah,N/A,N/A,N/A,N/A,N/A,N/A,N/A,N/A,N/A,N/A,N/A
dumpster_rentals,https://www.utahwaste.com/,Utahwaste,N/A,N/A,N/A,N/A,N/A,N/A,N/A,N/A,N/A,N/A,N/A
dumpster_rentals,https://www.unclebuckdumpster.com/,Dumpster Rental | Affordable Prices | Uncle Buck Dumpster Rental,Dumpster Rental | Affordable Prices | Uncle Buck Dumpster Rental,(734) 307-5763,info@UncleBuck.com,About | Read More,"Sizes: , Roll-Off Dumpsters",Local Service Area,N/A,N/A,N/A,N/A,Construction | Residential | Commercial
dumpster_rentals,https://www.budgetdumpster.com/,budget dumpster,Dumpster Rentals for Less | Budget Dumpster,855-900-5728,N/A,About Us | Reviews | Media Room,Waste_Types: Moving and Junk Removal,Local Service Area,N/A,facebook: https://www.facebook.com/budget.dumpster | facebook: https://www.facebook.com/budget.dumpster | instagram: https://www.instagram.com/budgetdumpster/,2009,N/A,Construction | Demolition | Residential
dumpster_rentals,https://www.wasteconnections.com/,Waste Connections | Trash Pickup Services,Waste Connections | Trash Pickup Services,844-708-7274,N/A,About UsCompany overview | More about us | About Us,N/A,Local Service Area,N/A,facebook: https://www.facebook.com/wasteconnections/ | instagram: https://www.instagram.com/official_waste_connections/ | twitter: https://twitter.com/WasteConnection,N/A,N/A,Construction | Demolition | Residential
dumpster_rentals,https://www.republicservices.com/,Republic Services,"Environmental Services, Recycling & Trash Pickup Services",N/A,N/A,About | About | View,Sizes: ,Local Service Area,N/A,facebook: https://www.facebook.com/RepublicServices | instagram: https://www.instagram.com/republic_services/ | twitter: https://twitter.com/RepublicService,N/A,N/A,Residential
dumpster_rentals,https://www.wm.com/,WM Primary,WM | Waste Management & Recycling Services,N/A,N/A,N/A,"Sizes: , Roll-Off Dumpster Rental, Rent a Roll-Off Dumpster",N/A,N/A,N/A,N/A,N/A,Residential | Commercial
dumpster_rentals,https://www.advanceddisposal.com/,WM Primary,WM | Waste Management & Recycling Services,N/A,N/A,N/A,"Sizes: , Roll-Off Dumpster Rental, Rent a Roll-Off Dumpster",N/A,N/A,N/A,N/A,N/A,Residential | Commercial
dumpster_rentals,https://www.junk-king.com/,,"
	North America's Best Junk Removal and Hauling Service | Junk King
",737-888-5865,N/A,Disclaimer | Disclaimer | About Us In 2005 Junk King was launched as the dependable junk hauling service to clear unwanted clutter from homes and businesses....,"Waste_Types: JK Same Day Junk Removal, #1 Rated Junk Removal Services, Junk Removal, Try Our Furniture Removal and Junk Removal Pricing Estimator, Find Junk Removal Services Near You",Local Service Area,junk king's hauling services? feel free to contact us today. junk king provides junk removal,facebook: https://www.facebook.com/JunkKingFranchise | facebook: https://www.facebook.com/JunkKingFranchise | twitter: https://twitter.com/JunkKingCorp,N/A,Certified,Construction | Residential | Commercial
dumpster_rentals,https://www.collegehunkshaulingjunk.com/,College Hunks Hauling Junk .,College HUNKS Hauling Junk & Moving®,833-626-1326,N/A,About Us,"Waste_Types: Junk Removal, Schedule your Junk Removal, stress-free junk removal, Schedule junk removal or get a move quote with our easy-to-use system., junk removal and trash pickup services",Local Service Area,that really matter get a free estimate find a location find a location with over,facebook: https://www.facebook.com/CollegeHunksHaulingJunkandMoving/ | instagram: https://www.instagram.com/collegehunks/ | twitter: https://twitter.com/CollegeHunks,N/A,Licensed | Insured,Demolition | Residential | Commercial
dumpster_rentals,https://www.bagster.com/,Bagster: Fabricant Français de Selles et Bagagerie Moto depuis 1984,Bagster: Fabricant Français de Selles et Bagagerie Moto depuis 1984,1804356813,N/A,N/A,N/A,N/A,N/A,facebook: https://fr-fr.facebook.com/BagsterMoto/ | instagram: https://www.instagram.com/bagstermoto/ | instagram: https://scontent-cdg4-1.cdninstagram.com/v/t39.30808-6/514334836_759756950043897_6558415821756862349_n.jpg?stp=dst-jpg_e35_tt6&_nc_cat=105&ccb=1-7&_nc_sid=18de74&_nc_ohc=xklU9AB5aYsQ7kNvwHbsKwZ&_nc_oc=Adn4FuaBo5ZJ42wbbT8AyWweiccdm1ev00nvp8537VqmNAaHZuU4iKwIXuhS7jyaUil6EPX_kFQr8E-Vi1XMwcpR&_nc_zt=23&_nc_ht=scontent-cdg4-1.cdninstagram.com&edm=ANo9K5cEAAAA&_nc_gid=EiyuzkQxaY3IqJPhLuAf4g&oh=00_AfQQHUaOshsyX15rRNfyx6r_JnPJC8ivxQtZtfwZjJNM8w&oe=689125F6,N/A,N/A,Commercial
dumpster_rentals,https://www.dumpsters.com/,Dumpsters.com,Get a Dumpster Rental from the Experts | Dumpsters.com,888-478-3867,N/A,Contact Us | About Us | Meet the Team,N/A,Local Service Area,N/A,facebook: https://www.facebook.com/dumpstersdotcom | instagram: https://www.instagram.com/dumpstersdotcom/ | twitter: https://twitter.com/dumpstersdotcom,N/A,N/A,Construction | Demolition | Residential
dumpster_rentals,https://www.1800gotjunk.com/,,Full-Service Junk Removal | 1-800-GOT-JUNK?,800-468-5865,N/A,N/A,"Waste_Types: , Full-Service Junk Removal | 1-800-GOT-JUNK?, Junk removal made easy",N/A,"call before we arriveget a free estimateno hidden fees. no deposit. no obligation to continuefriendly,",N/A,N/A,N/A,N/A
dumpster_rentals,https://www.junkremovalpros.com/,Junkremovalpros,N/A,N/A,N/A,N/A,N/A,N/A,N/A,N/A,N/A,N/A,N/A
dumpster_rentals,https://www.junkremovalusa.com/,Junkremovalusa,N/A,N/A,N/A,N/A,N/A,N/A,N/A,N/A,N/A,N/A,N/A
pest_services,https://www.utahpestcontrol.com/,Utah Pest Control,Utah Pest Control | Local Exterminators | Get a Quote Today,(801) 509-5499,info@utahpestcontrol.com,N/A,N/A,"Layton, Ogden, Orem, Provo, Salt Lake, Salt Lake City, Sandy, South Jordan, St. George, Taylorsville, Utah, West Jordan, West Valley",your zip code for a free estimate zip code* phonethis field is for validation purposes,N/A,N/A,N/A,Bed Bugs
pest_services,https://www.saltlakepestcontrol.com/,Salt Lake Pest Control - Pest Control Salt Lake City,Salt Lake Pest Control - Pest Control Salt Lake City,(435) 500-2933,N/A,N/A,N/A,"Cottonwood Heights, Draper, Millcreek, Ogden, Salt Lake, Salt Lake City, Salt Lake County, Sandy, Taylorsville, Utah, West Jordan, West Valley",N/A,N/A,N/A,N/A,Residential | Commercial | Termite Control
pest_services,https://www.utahpestpros.com/,Service First Pest Management »,Service First Pest Management »,801-577-0555,erik@utahpestpros.com,About | About | Service First Pest Management,N/A,"Davis County, Orem, Salt Lake, Salt Lake City, Utah, Utah County",N/A,facebook: https://www.facebook.com/profile.php?id=100090229966965 | instagram: http://www.instagram.com/utahpestpros | twitter: https://twitter.com/utahpestpros,N/A,N/A,Residential | Commercial
pest_services,https://www.orkin.com/,Mosquitoes Don't Deserve a Drop. Orkin  | American Red Cross,"Orkin Termite Treatment, Pest Control & Exterminator Service | Orkin",877-819-5061,N/A,Expert Training | Environmental Responsibility | Commitment to Education,Methods: ,Local Service Area,enter your zip codesave $50 on pest control and preventionhave a pest problem? save $50 on your first recurring service today with code 50off,facebook: https://www.facebook.com/OrkinPestControl/ | instagram: https://www.instagram.com/orkinpestcontrol/?hl=en | linkedin: https://www.linkedin.com/company/orkin-pest-control/,N/A,N/A,Residential | Commercial | Mosquito Control
pest_services,https://www.arrowpestcontrol.com/,"Arrow Services, Inc. | Pest Control Service","Arrow Services, Inc. | Pest Control Service",877-309-1196,N/A,About Us | About Arrow Services,Pest_Types:  | Methods: ,Local Service Area,N/A,facebook: https://www.facebook.com/arrowservices | facebook: https://www.facebook.com/pg/arrowservices/reviews/ | twitter: https://twitter.com/arrowservices,N/A,Certified,Residential | Commercial | Mosquito Control
pest_services,https://www.mosquitosquad.com/,Mosquito Squad,Mosquito and Tick Outdoor Pest Control Services,(877) 332-2239,N/A,About Us | Our Guarantee | Why MSQ Plus,N/A,Kearns,N/A,facebook: https://www.facebook.com/MosquitoSquadCorp | instagram: https://www.instagram.com/mosquitosquadco/ | twitter: https://twitter.com/mosquitosquadco,N/A,N/A,Commercial | Mosquito Control | Termite Control
pest_services,https://www.trulynolen.com/,"Truly Nolen Pest Control, Termite Control & Exterminator","Truly Nolen Pest Control, Termite Control & Exterminator",(866) 395-6319,info@trulynolen.com,Referral Program | About Us | About Us,N/A,"Ogden, Sandy","call (866) 395-6319 for a free estimate
showing locations near , see more locations
 loading | 395-6319 current customers: (800) 468-7859 free estimate buy now referral program about us pay my | view treatments




bed bugs



wasps



bees










get a free inspection




“dennis couch, termite technician did a thorough job | you can choose to get quarterly service with our 4 seasons pest control or a one-time treatment",facebook: https://www.facebook.com/TrulyNolen/ | facebook: https://www.facebook.com/TrulyNolen/ | instagram: https://www.instagram.com/trulynolen/?hl=en,N/A,N/A,Commercial | Termite Control | Bed Bugs
pest_services,https://www.westernpest.com/,Pest Control Company You Can Trust | Western Pest Services,Pest Control Company You Can Trust | Western Pest Services,(800) 768-6109,N/A,About Western | About Western | About Western,"Pest_Types: Bed Bug Control, Residential Bed Bug Control | Methods: Integrated Pest Management",Lehi,"we’re your local pest control company, because it’s our neighborhood too | we are your local pest control company",facebook: https://www.facebook.com/WesternPestServices | instagram: https://www.instagram.com/westernpestservices/ | twitter: https://twitter.com/westernpestsrvc?lang=en,1928,Licensed | Certified | Bbb,Residential | Commercial | Mosquito Control
pest_services,https://www.americanpest.com/,American Pest Control Madrid,Empresa de control de plagas en Madrid | American Pest Control,91 642 90 60,info@americanpest.com,N/A,N/A,N/A,N/A,N/A,N/A,N/A,N/A
pest_services,https://www.antimite.com/,Pure Pest,Pure Pest + Lawn,314.222.7378,N/A,About Us | About Us | About Us,N/A,Local Service Area,"get a plan for your pestsschedule a one-time treatment to address your property's needs, or select from one of our pest protection programs to keep them from coming back | we're glad to provide one-time treatments | onlineschedule onlinesee servicessee servicessee serviceslocal family ownedlocal family ownedlocal family ownedlocal family ownedsame-day responsesame-day responsesame-day | louis homes and businessesget started in 3 easy stepsschedule a free inspectionschedule a free general pest* inspection from one of our experts | schedule a free inspectionschedule a free general pest* inspection from one of our experts",N/A,N/A,Bbb,Bed Bugs
pest_services,https://www.pestworld.org/,Resized Pestworld Microsite s 6 Ticktalk,"Pest Control Resources: Information, Facts on Insects & Bugs",N/A,N/A,"Asian Needle Ant: The Stinging Invader Every Homeowner Should Know About | About | PestWorld.org is the official consumer education website of the National Pest Management Association (NPMA). In addition to pest control advice, information and facts verified by certified entomologis...",N/A,Local Service Area,N/A,facebook: https://www.facebook.com/PestWorld | facebook: https://www.facebook.com/PestWorld | facebook: https://www.facebook.com/PestWorld,N/A,Certified,Commercial | Bed Bugs
pest_services,https://www.npma.org/,National Property Management Association,National Property Management Association,404-477-5811,N/A,About | Learn More | about,N/A,Salt Lake,N/A,facebook: https://www.facebook.com/groups/NPMAAssetManagement | linkedin: https://www.linkedin.com/groups/1676387/ | youtube: https://www.youtube.com/@NPMAAssetManagement,N/A,Certified,N/A
pest_services,https://www.pestcontrolpros.com/,Pestcontrolpros,N/A,N/A,N/A,N/A,N/A,N/A,N/A,N/A,N/A,N/A,N/A
pest_services,https://www.pestcontrolguide.com/,Pestcontrolguide,N/A,N/A,N/A,N/A,N/A,N/A,N/A,N/A,N/A,N/A,N/A
pest_services,https://www.pestcontrolhelp.com/,Pestcontrolhelp,N/A,N/A,N/A,N/A,N/A,N/A,N/A,N/A,N/A,N/A,N/A
pest_services,https://www.pestcontroladvice.com/,Pestcontroladvice,N/A,N/A,N/A,N/A,N/A,N/A,N/A,N/A,N/A,N/A,N/A
stormwater,https://www.utahstormwater.com/,.png,"Home | Utah Stormwater CoalWe are a coalition of private sector stormwater created to keep our members informed of regional, state, and local stormwater regulations. ",N/A,support@utahstormwater.com,N/A,N/A,Utah,©2025 by utah stormwater coalition | top of pageexciting updates coming soonthank you for your interest in utah stormwater coalition,N/A,N/A,N/A,N/A
stormwater,https://www.stormwaterutah.com/,.png,StormWater Utah - SWPPP for Custom Builders,385.448.7724,info@stormwaterutah.com,N/A,N/A,"Davis County, Salt Lake, Salt Lake County, Spanish Fork, Summit County, Tooele County, Utah, Utah County, Wasatch County, Weber County",N/A,facebook: https://www.facebook.com/stormwaterutah,2006,Certified,Residential | Municipal | Construction
stormwater,https://www.industrialutah.com/,IndustrialUtah.com,IndustrialUtah.com,N/A,N/A,N/A,Applications: Site Under Construction,Utah,N/A,N/A,N/A,N/A,Industrial | Construction
stormwater,https://www.utahwatermanagement.com/,Utahwatermanagement,N/A,N/A,N/A,N/A,N/A,N/A,N/A,N/A,N/A,N/A,N/A
stormwater,https://www.xylem.com/,Xylem,Xylem Water Solutions & Water Technology | Xylem US,N/A,N/A,Newsroom | Leadership & Governance | Our Code of Conduct,N/A,Local Service Area,N/A,facebook: https://www.facebook.com/xylemincorporated | instagram: https://www.instagram.com/xylem_inc/ | twitter: https://twitter.com/Xylem,1991,N/A,Residential | Municipal
stormwater,https://www.pentair.com/,Footer,"Pentair | Move, Improve and Enjoy Water",N/A,N/A,Blog | About | About Pentair,N/A,Local Service Area,N/A,facebook: https://www.facebook.com/pentair/ | instagram: https://www.instagram.com/pentair/ | twitter: https://twitter.com/Pentair,N/A,N/A,Industrial | Commercial | Residential
stormwater,https://www.ksb.com/,"KSB - leading supplier  of pumps, valves and services | KSB","KSB - leading supplier  of pumps, valves and services | KSB",N/A,N/A,"For fair collaboration in a future worth livingAs a successful company with global operations, KSB is aware of its responsibility towards the environment and society. The company has therefore made st...",Systems:  | Applications: ,Local Service Area,N/A,N/A,N/A,N/A,Industrial
stormwater,https://www.franklin-electric.com/,Home  | Franklin Electric, Home  | Franklin Electric,N/A,N/A,"About Franklin Electric | Learn More | About Franklin Electric

For more than 80 years, Franklin Electric has been committed to driving innovative solutions that transform the movement and management of water and energy.",N/A,N/A,N/A,linkedin: https://www.linkedin.com/company/franklin-electric/ | youtube: https://www.youtube.com/FECorporate,N/A,N/A,Industrial | Commercial | Residential
stormwater,https://www.zoeller.com/,Burcam,N/A,N/A,N/A,About | OVERVIEW | CORPORATE GOVERNANCE,N/A,Local Service Area,N/A,N/A,1939,N/A,Commercial | Residential
stormwater,https://www.libertypumps.com/,Landing,"
	Landing
",N/A,N/A,N/A,N/A,N/A,N/A,N/A,N/A,N/A,Commercial | Residential
stormwater,https://www.hayward.com/,Hayward,Welcome to Hayward Residential and Commercial Pool Products,N/A,N/A,Learn more | About Us | About IMG,N/A,Local Service Area,N/A,facebook: https://www.facebook.com/HaywardPoolProducts/ | instagram: https://www.instagram.com/haywardpoolproducts/ | twitter: https://twitter.com/HaywardPool,N/A,Certified,Commercial | Residential
stormwater,https://www.poolsupplies.com/,PoolSupplies.com,"Shop Covers, Liners, Chemicals & Equipment for Your Swimming Pool - PoolSupplies.com",800.356.3025,N/A,About PoolSupplies.com,N/A,N/A,N/A,facebook: https://www.facebook.com/PoolSuppliesdotcom/ | instagram: https://www.instagram.com/poolsuppliescom/  | twitter: https://twitter.com/poolsuppliescom,N/A,N/A,Commercial
stormwater,https://www.poolandspa.com/,Poolandspa,N/A,N/A,N/A,N/A,N/A,N/A,N/A,N/A,N/A,N/A,N/A
stormwater,https://www.poolsupplyworld.com/,Pool Supply World,Pool Supply World,N/A,N/A,N/A,N/A,N/A,N/A,N/A,N/A,N/A,N/A
stormwater,https://www.poolpartstogo.com/,Pool Parts To Go – PoolPartsToGo,"Pool Parts To Go – PoolPartsToGo
",(855) 766-5246,cs@poolpartstogo.com,About,N/A,N/A,N/A,facebook: https://www.facebook.com/Poolpartstogo | facebook: https://www.facebook.com/Poolpartstogo | instagram: https://instagram.com/poolpartstogo,N/A,N/A,N/A
stormwater,https://www.poolgeek.com/,Pool Geek - Supplies for Swimming Pools and Hot Tubs,"Pool Geek - Supplies for Swimming Pools and Hot Tubs
",(888) 354-4335,help@poolgeek.com,About Us,N/A,N/A,N/A,N/A,1974,N/A,N/A
stormwater,https://www.poolwarehouse.com/,"Pool Kits, Pool Supplies, and Pool Equipment - Pool Warehouse","Pool Kits, Pool Supplies, and Pool Equipment - Pool Warehouse",800-515-1747,N/A,N/A,"Applications: , Pool Maintenance & Construction, Pool Construction Supplies",N/A,"hydra mesh safety pool cover starting at $1,290.00 – $1,465.00 select options 18 x 36",facebook: https://www.facebook.com/SwimmingPoolKit/ | facebook: https://www.facebook.com/SwimmingPoolKit/ | youtube: https://www.youtube.com/@SwimmingPoolKit,N/A,N/A,Construction
stormwater,https://www.poolstore.com/,Pool Store Home Page,Pool Store Home Page,800.918.7665,N/A,Learn more about us here... | About Us,N/A,N/A,N/A,N/A,N/A,N/A,N/A
stormwater,https://www.poolpro.com/,"Pool Pro | Palm Beach & Pool Cleaning, Maintenance & Repair","Pool Pro | Palm Beach & Pool Cleaning, Maintenance & Repair",561-766-5776,info@poolpro.com,N/A,N/A,Local Service Area,N/A,N/A,N/A,Certified,Commercial | Residential
landscaping,https://www.outbacklandscape.com/,,"Outback Landscape | Idaho Falls, ID",4680292937,N/A,About | About,N/A,Local Service Area,N/A,facebook: https://www.facebook.com/outbackinc | instagram: http://instagram.com/outbacklandscape | twitter: https://twitter.com/outbackinc,2003,N/A,Commercial | Design | Maintenance
landscaping,https://www.utahlandscaping.com/,Utahlandscaping,N/A,N/A,N/A,N/A,N/A,N/A,N/A,N/A,N/A,N/A,N/A
landscaping,https://www.saltlakelandscaping.com/,Saltlakelandscaping,N/A,N/A,N/A,N/A,N/A,N/A,N/A,N/A,N/A,N/A,N/A
landscaping,https://www.trueservices.com/,Talent Management and Executive Search: Globally Trusted — True,Talent Management and Executive Search: Globally Trusted — True,N/A,N/A,N/A,N/A,Local Service Area,N/A,N/A,N/A,N/A,N/A
landscaping,https://www.davey.com/,Davey Tree,Professional Tree Services by Davey Certified Arborists | Davey Tree,N/A,N/A,Find Local Office | Careers | Corporate Responsibility,N/A,Local Service Area,us want to request a free consultation or speak to your davey local office about,facebook: https://www.facebook.com/DaveyTree | instagram: https://instagram.com/DaveyTree/ | twitter: https://twitter.com/DaveyTree,1979,Certified,Residential | Commercial | Design
landscaping,https://www.asla.org/,American Society of Landscape Architects,"
	American Society of Landscape Architects
",202-898-2444,info@asla.org,About | About Landscape Architecture | About ASLA,N/A,Local Service Area,N/A,facebook: https://www.facebook.com/NationalASLA/ | instagram: https://www.instagram.com/nationalasla/?hl=en | instagram: https://www.instagram.com/nationalasla/,N/A,Licensed,Residential | Design
landscaping,https://www.landscapingnetwork.com/,Landscaping Ideas | Landscape Design Pictures - Landscaping Network,Landscaping Ideas | Landscape Design Pictures - Landscaping Network,N/A,N/A,About Us:,"Planting: , Photos, expert tips and insights for good landscape design and garden design",Local Service Area,N/A,facebook: https://www.facebook.com/landscapingnetwork | twitter: https://twitter.com/landscapingnews | youtube: https://www.youtube.com/user/LandscapingNetwork,N/A,N/A,Design | Maintenance | Irrigation
landscaping,https://www.landscapingideas.com/,landscapingideas.com,landscapingideas.com,N/A,N/A,N/A,N/A,N/A,N/A,N/A,N/A,N/A,N/A
landscaping,https://www.landscapingpros.com/,Landscapingpros,N/A,N/A,N/A,N/A,N/A,N/A,N/A,N/A,N/A,N/A,N/A
landscaping,https://www.landscapingusa.com/,Landscapingusa,N/A,N/A,N/A,N/A,N/A,N/A,N/A,N/A,N/A,N/A,N/A
landscaping,https://www.landscapingnetwork.com/,Landscaping Ideas | Landscape Design Pictures - Landscaping Network,Landscaping Ideas | Landscape Design Pictures - Landscaping Network,N/A,N/A,About Us:,"Planting: , Photos, expert tips and insights for good landscape design and garden design",Local Service Area,N/A,facebook: https://www.facebook.com/landscapingnetwork | twitter: https://twitter.com/landscapingnews | youtube: https://www.youtube.com/user/LandscapingNetwork,N/A,N/A,Design | Maintenance | Irrigation
landscaping,https://www.landscapingguide.com/,Landscapingguide,N/A,N/A,N/A,N/A,N/A,N/A,N/A,N/A,N/A,N/A,N/A
landscaping,https://www.landscapinginfo.com/,Landscapinginfo,N/A,N/A,N/A,N/A,N/A,N/A,N/A,N/A,N/A,N/A,N/A
landscaping,https://www.landscapinghelp.com/,landscapinghelp.com,landscapinghelp.com,N/A,N/A,N/A,N/A,N/A,N/A,N/A,N/A,N/A,N/A
landscaping,https://www.landscapingtips.com/,Landscapingtips,N/A,N/A,N/A,N/A,N/A,N/A,N/A,N/A,N/A,N/A,N/A
landscaping,https://www.landscapingcontractor.com/,Landscapingcontractor,N/A,N/A,N/A,N/A,N/A,N/A,N/A,N/A,N/A,N/A,N/A
